publisher,average_rating
A.B. Yehoshua,3.6
A.D.P. Briggs,3.76
A.E. Cunningham,4.15
A.J. Jacobs,3.76
A.M. Homes,3.28
A.N. Roquelaure,3.7350000000000003
A.S. Byatt,3.77
Abbie Hoffman,3.96
Abdul Rahman Munif,4.13
Abigail Adams,4.14
Abigail Thomas,3.74
Abolqasem Ferdowsi,4.51
Abraham Lincoln,4.315
Adam  Sexton,3.4
Adam Drozdek,3.8
Adam Ginsberg,3.48
Adam Gopnik,3.6799999999999997
Adam Hochschild,4.236666666666667
Adam Mansbach,3.55
Adam Rex,4.21
Adam Smith,3.88
Adam Swift,3.93
Adam Woog,4.0
Adolfo Bioy Casares,4.17
Adrian Guelke,4.33
Adrian McKinty,3.896666666666667
Adèle Geras,3.72
Aeschylus,4.054285714285713
Aesop,4.05
Agatha Christie,3.9575555555555555
Ai Morinaga,3.54
Aidan Hartley,4.01
Aimee Bender,3.88
Aimé Césaire,3.825
Akira Yoshida,3.31
Al Franken,3.8449999999999998
Al Gore,3.77
Al Ries,4.016
Alain de Botton,3.87
Alan  Lee,4.27
Alan Aldridge,4.26
Alan Brennert,4.17
Alan Cohen,4.27
Alan Dean Foster,3.7643478260869565
Alan Hausman,3.78
Alan Hollinghurst,3.6550000000000002
Alan Lightman,3.465
Alan MacGillivray,3.92
Alan Moore,4.32
Alan Paton,3.9
Alastair Lamb,4.0
Albert Camus,4.039545454545455
Albert Demeo,4.05
Albert Einstein,4.2725
Albert Ellis,3.76
Albert Jack,3.73
Albert Marrin,3.77
Albert Speer,4.13
Alcoholics Anonymous,4.45
Alden T. Vaughan,3.43
Aldon D. Morris,4.05
Aldous Huxley,4.051875
Alec MacLellan,3.84
Aleksandr Solzhenitsyn,4.08
Alex Austin,4.18
Alex C. Jones,4.27
Alex Constantine,3.58
Alex Cox,3.48
Alex Kotlowitz,4.27
Alex Ross,4.33
Alex Went,3.59
Alexander  Walker,3.8
Alexander C. Irvine,3.63
Alexander Heidel,3.95
Alexander Hunter,4.11
Alexander McCall Smith,3.864117647058823
Alexander Payne,4.295
Alexander Pope,3.92
Alexander Pushkin,4.12625
Alexandra Moss,4.016666666666667
Alexandra Robbins,3.18
Alexandra Siy,3.51
Alexandre Dumas,4.064444444444444
Alexandre Dumas fils,3.99
Alexis de Tocqueville,4.0825
Alfred D. Chandler Jr.,4.01
Alfred Hitchcock,3.89
Alfred Uhry,3.71
Ali Vali,4.21
Alice   Miller,4.079999999999999
Alice Dalgliesh,3.91
Alice Hoffman,3.7842857142857143
Alice Kaplan,3.9
Alice Medrich,4.145
Alice Munro,4.0
Alice Randall,3.07
Alice Sebold,3.81
Alice Walker,4.109999999999999
Alice Wong,4.88
Alison Baverstock,4.03
Alison Bechdel,4.08
Alison Weir,4.045
Alistair Horne,4.23
Alistair MacLeod,4.19
Alistair McCallum,3.89
Alistair Moffat,3.7
Alister E. McGrath,4.06
Aljean Harmetz,4.0
Allan C. Weisbecker,3.89
Allan Janik,4.06
Allan Zola Kronzek,4.04
Allegra Goodman,3.32
Allen Carr,4.3
Allen Ginsberg,4.175
Allen J. Frantzen,3.0
Allison Pearson,3.33
Alma Flor Ada,4.09
Alvin L. Reid,3.86
Amanda Clark,3.73
Amanda Eyre Ward,3.54
Amanda Hemingway,3.81
Amartya Sen,3.813333333333333
Amelia Atwater-Rhodes,4.022
America's Test Kitchen,4.35
Amir D. Aczel,3.72
Amitav Ghosh,3.95
Amos Oz,4.22
Amy Cotler,4.3
Amy Goldman Koss,3.87
Amy Krouse Rosenthal,4.02
Amy L. Marsland,3.76
Amy Sedaris,3.73
Amy Sohn,4.01
Amy Tan,3.868
Amy Taubin,3.93
Anaïs Nin,4.037692307692308
Anderson Cooper,3.96
Andre Dubus,4.256666666666667
Andre Dubus III,3.85
Andre Duza,3.69
Andrea Camilleri,4.043333333333334
Andrea Levy,3.825
Andrea Wilson Nightingale,4.33
Andreas Gursky,4.22
Andreas J. Köstenberger,3.93
Andrei Codrescu,3.83
Andrew      Hunt,0.0
Andrew    Hunt,3.22
Andrew Carnegie,3.98
Andrew Cartmel,3.51
Andrew Delbanco,4.04
Andrew Heintzman,3.48
Andrew Helfer,3.66
Andrew Hussey,3.81
Andrew J. Offutt,3.755
Andrew James McLean,3.82
Andrew M. Greeley,3.79
Andrew P. Trout,4.17
Andrew Solomon,4.18
Andrew Weil,4.11
Andrew X. Pham,3.96
Andrés Duany,4.08
Andy Griffiths,3.7800000000000002
Andy Hertzfeld,4.18
Andy Hunt,4.31
Andy McNab,4.09
Andy Warhol,3.74
Angela Knight,4.014
Angus Gellatly,3.54
Angus Wells,3.74
Anita Desai,3.4933333333333336
Anita Diamant,4.0575
Anita Shreve,3.5119999999999996
Anita Thompson,3.96
Ann  O'Leary,3.64
Ann Abramson,4.26
Ann Bausum,3.98
Ann Beattie,3.435
Ann Brashares,3.8200000000000003
Ann Finding,4.13
Ann Granger,3.88
Ann Hewetson,4.0
Ann Hodgman,4.31
Ann M. Martin,3.935
Ann Major,3.25
Ann Margaret Lewis,4.18
Ann Maxwell,3.65
Ann Packer,3.42
Ann Patchett,3.89
Ann Rinaldi,3.79
Ann Romines,3.7
Ann Rule,4.09
Ann Thwaite,3.8
Ann-Marie MacDonald,4.025
Anna Deavere Smith,4.02
Anna J.,4.38
Anna Maxted,3.588
Anna Quindlen,3.88
Anna Sewell,3.9599999999999995
Annalee Allen,3.0
Anne Brontë,3.68
Anne Carson,4.4
Anne Chisholm,3.82
Anne Easter Smith,4.02
Anne Fadiman,4.17
Anne Hoppus,4.42
Anne K. Mellor,3.9
Anne Lamott,4.0075
Anne Macdonald,4.02
Anne Mazer,3.9528571428571433
Anne McCaffrey,4.053333333333334
Anne Michaels,3.93
Anne Millard,3.79
Anne Moody,4.13
Anne Morrow Lindbergh,4.17
Anne Rampling,3.58
Anne Rice,3.8369565217391304
Anne Stuart,3.7649999999999997
Anne Tyler,3.654
Annie Dillard,4.051666666666667
Annie Proulx,3.8200000000000003
Anonymous,4.182
Ansel Adams,4.31
Anthony  Lewis,3.91
Anthony Bourdain,3.8160000000000003
Anthony Burgess,3.89
Anthony D. Pellegrini,4.33
Anthony E. Wolf,1.98
Anthony F.C. Wallace,3.66
Anthony Grafton,3.62
Anthony Hern,3.7
Anthony J. Cascardi,3.55
Anthony Kenny,3.98
Anthony Kiedis,4.11
Anthony Loyd,4.29
Anthony Mcreavy,3.0
Anthony Minghella,3.86
Anthony Powell,4.18
Anthony Robbins,4.23
Anthony Shadid,4.12
Anthony Thorlby,4.345000000000001
Antoine de Saint-Exupéry,4.31
Anton Chekhov,4.2749999999999995
Anton Myrer,3.79
Antonia Fraser,3.9525
Antonia Juhasz,4.05
Antonin Artaud,4.25
Antonio Gramsci,3.89
Antonio Negri,3.83
Antony Beevor,4.136666666666667
Antony Johnston,3.55
Anya Seton,4.01
Apollodorus,3.1740000000000004
April Jones Prince,4.16
Architecture For Humanity,4.12
Ariel Levy,3.68
Arielle Ford,4.08
Arien Mack,4.2
Aristophanes,3.921904761904762
Aristotle,4.074
Armand Marie Leroi,4.05
Armistead Maupin,4.1850000000000005
Arnold Rampersad,4.15
Arnon Grunberg,3.34
Art Spiegelman,4.445
Arthur  Miller,3.896
Arthur Agatston,3.45
Arthur Bennett,4.54
Arthur C. Clarke,4.026666666666666
Arthur Conan Doyle,4.218823529411765
Arthur Edward Waite,3.9
Arthur Golden,4.11
Arthur Herzog III,4.0
Arthur J. Roth,3.65
Arthur Koestler,4.082857142857143
Arthur Nersesian,3.55
Arthur Plotnik,3.9
Arthur Schopenhauer,4.1625
Arthur Yorinks,2.75
Arturo Pérez-Reverte,3.845
Arundhati Roy,3.94
Ashley Gardner,4.04
Ashley Shannon,4.05
Astrid Lindgren,4.199166666666667
Atul Gawande,4.26
Audre Lorde,4.49
Audrey Niffenegger,3.81
Audrey Penn,4.43
Augusten Burroughs,3.8350000000000004
Augustine of Hippo,4.053846153846154
Aurelio Voltaire,4.1
Avi,3.8575
Avigdor Kahalani,4.2
Ayn Rand,3.768125
Azar Nafisi,3.61
B.K. Beckwith,4.47
Babette Rothschild,4.27
Babette Smith,3.58
Barack Obama,3.815
Barbara  Newman,4.18
Barbara Ann Brennan,4.27
Barbara Berst Adams,3.76
Barbara Bottner,3.82
Barbara Bretton,3.57
Barbara Cleverly,3.84
Barbara Coloroso,4.19
Barbara Conklin,3.7899999999999996
Barbara Ehrenreich,3.7475
Barbara Fairchild,4.07
Barbara Hambly,3.93
Barbara Haworth-Attard,3.91
Barbara Kerley,4.05
Barbara Kingsolver,4.0285714285714285
Barbara Leonie Picard,4.05
Barbara M. Walker,4.15
Barbara Nadel,3.6125
Barbara Park,4.0
Barbara Richard,3.76
Barbara Taylor Bradford,3.905
Barbara W. Tuchman,4.125
Bard E. O'Neill,3.91
Bard Thompson,3.96
Barrie Trinkle,4.17
Barrington Moore Jr.,3.98
Barron's,3.72
Barry  Lopez,4.1325
Barry Chubin,2.62
Barry Eisler,4.27
Barry Glassner,3.7
Barry Hughart,4.29
Barry R. Cournoyer,3.4
Barry Schwartz,3.85
Bart D. Ehrman,3.64
Bart G. Farkas,3.81
Bart King,4.23
Barthe DeClements,3.7750000000000004
Bartholomew Gill,3.74
Barton Zwiebach,4.16
Basil Mahon,4.13
Basil Pao,4.0
Beatrix Potter,4.2700000000000005
Bebe Moore Campbell,3.81
Belva Plain,3.91
Ben Avery,4.14
Ben Bova,3.72
Ben Carson,4.21
Ben Counter,3.77
Ben Elton,3.7350000000000003
Ben Katchor,4.35
Ben M. Baglio,3.96
Ben Mezrich,3.89
Ben Mikaelsen,3.79
Ben R. Kaplan,3.45
Ben Schoen,4.23
Ben Schott,4.08
Benjamin James Sadock,4.22
Bentley Little,3.62
Bernard Cornwell,4.18
Bernard Lewis,3.49
Bernard Malamud,3.89
Bernard Taper,4.31
Bernard Williams,4.04
Bernd Matzkowski,3.6
Bernice Kert,4.17
Beryl Markham,3.72
Bessie Head,3.84
Beth A. Jones,4.67
Beth Hensperger,3.78
Beth Moore,4.09
Bethany Roberts,3.24
Bette Greene,3.68
Better Homes and Gardens,0.0
Betty  Smith,4.26
Betty Friedan,3.86
Betty Jay,3.56
Betty MacDonald,4.255
Betty Mahmoody,4.1
Betty Neels,3.97
Beverly Daniel Tatum,4.21
Bill   Phillips,3.5
Bill  Bryson,3.38
Bill Brittain,3.83
Bill Bryson,3.9417391304347826
Bill Buford,3.94
Bill Clinton,3.775
Bill Cosby,3.456666666666667
Bill Farrel,3.88
Bill Hurter,3.62
Bill Hybels,3.86
Bill Maher,3.4433333333333334
Bill Nichols,3.79
Bill Phillips,3.845
Bill Pittman,4.44
Bill Potter,4.1
Bill Richardson,3.77
Bill Watterson,4.708571428571429
Bill Willingham,4.104444444444444
Billie Letts,4.02
Billy Collins,4.2
Billy Crystal,3.99
Billy Mills,3.57
Binjamin W. Segel,3.3
Black Elk,4.13
Blaine M. Yorgason,3.78
Blake Nelson,3.5444444444444443
Bob      Smith,3.74
Bob Blaisdell,4.175
Bob Cullen,3.32
Bob Dylan,4.045
Bob Madgic,3.77
Bob Marley,4.48
Bob Spitz,4.15
Bob Tarte,3.44
Bob Woodward,3.778
Bobby Henderson,3.93
Bodie Thoene,4.09
Boethius,3.98
Bonnie Burton,4.05
Boris Pasternak,4.04
Boris Vian,3.97
Brad Meltzer,4.04
Brad Thor,4.175
Brady Games,3.9299999999999997
Bram Stoker,3.72125
Brandon Mull,4.1
Brenda Joyce,4.0
Brenda Novak,4.11
Brenda Walpole,3.94
Bret Easton Ellis,3.5942857142857143
Brian  Doyle,4.01
Brian Azzarello,3.32
Brian Boyd,4.275
Brian Braithwaite,3.4
Brian Copeland,4.04
Brian D. McLaren,3.585
Brian Doherty,4.25
Brian Greene,4.096666666666667
Brian Hall,3.35
Brian Herbert,3.731666666666667
Brian J. Robb,2.8
Brian Jacques,4.051111111111111
Brian James Freeman,4.23
Brian Johnston,4.14
Brian K. Vaughan,3.97
Brian L. Weiss,4.16
Brian Michael Bendis,3.9
Brian Rotman,4.06
Brian Sibley,4.3374999999999995
Brian Tracy,4.05
Brigid Avison,3.92
Broughton Coburn,4.03
Bruce Alvin King,2.0
Bruce Arnold,3.82
Bruce Campbell,4.0
Bruce Catton,4.220000000000001
Bruce Coville,4.04
Bruce Cumings,3.77
Bruce Edward Walker,4.17
Bruce Feiler,3.87
Bruce H. Wilkinson,4.26
Bruce L. Edwards,4.43
Bruce Patton,4.09
Bruce Spizer,4.72
Bryan Lee O'Malley,4.17
Bryan Magee,4.09
Bryan Sykes,3.92
Bryce Courtenay,4.112
Burton G. Malkiel,4.1
Buzz Bissinger,3.87
C. Hassell Bullock,3.68
C.D. Payne,4.029999999999999
C.D.B. Bryan,4.11
C.E. Murphy,3.925
C.G. Jung,4.38
C.S. Friedman,4.014285714285714
C.S. Harris,3.89
C.S. Lewis,4.192121212121212
CLAMP,4.20764705882353
Cait London,3.9425
Caitlin Brennan,3.91
Caleb Carr,4.06
Camellia Panjabi,4.15
Candace Bushnell,3.2133333333333334
Candace Schuler,3.89
Candace Ward,3.9899999999999998
Candida Höfer,4.28
Cara Black,3.73
Carl Hiaasen,3.9026666666666667
Carl Plasa,3.63
Carl Safina,4.24
Carl Sagan,4.225
Carl Senna,3.75
Carl Zimmer,4.02
Carla Lynn Stockton,3.69
Carlene Fredericka Brennen,3.82
Carlos A. Schwantes,4.0
Carlos Castañeda,4.11625
Carlos Marighella,3.31
Carlos Ruiz Zafón,3.9975
Carlton Mellick III,3.56
Carol Adrienne,3.76
Carol Belanger Grafton,3.96
Carol Dommermuth-Costa,3.93
Carol Drinkwater,3.81
Carol Lee,3.53
Carol Lloyd,4.02
Carol Marinelli,3.6
Carol Ryrie Brink,4.15
Carol Shields,3.8600000000000003
Carol Stock Kranowitz,4.22
Carole Marsh,3.6133333333333333
Carole Nelson Douglas,3.49
Caroline B. Cooney,3.7366666666666664
Caroline Preston,3.54
Caroline Sharp,3.72
Carolly Erickson,3.89
Carolyn Brown,4.24
Carolyn Haywood,4.09
Carolyn Keene,3.8985714285714286
Carolyn Meyer,3.716666666666667
Carolyn Strom Collins,4.03
Carrie Vaughn,3.813333333333334
Carroll John Daly,3.5033333333333334
Carson McCullers,3.98
Casey Loe,3.96
Catharine M. Fishel,3.93
Catherine Coulter,3.9233333333333333
Catherine Gilbert Murdock,3.74
Catherine Hapka,3.3
Catherine Marshall,4.36
Catherine Nichols,4.17
Catherine Osborne,3.58
Catherine Thimmesh,4.15
Catherine de Zegher,4.55
Cecelia Ahern,3.783333333333333
Cecil Adams,4.205
Cecily von Ziegesar,3.5780000000000003
Celeste Bradley,3.9450000000000003
Celeste Davidson Mannis,4.05
Cesare Beccaria,3.92
Chad Oliver,3.69
Chaim Potok,4.118
Chalmers Johnson,4.13
Chanrithy Him,4.14
Charlaine Harris,3.8200000000000003
Charles  Green,4.0
Charles A. Coulombe,3.94
Charles A. Peek,3.55
Charles Allen,4.5
Charles Baudelaire,4.054
Charles Boyce,4.35
Charles Bukowski,4.02125
Charles Burns,4.0
Charles C. Mann,4.02
Charles Darwin,4.014
Charles Dickens,3.9103333333333334
Charles Frazier,3.8033333333333332
Charles J. Sykes,3.71
Charles John Cutcliffe Wright Hyne,3.78
Charles Kingsley,3.42
Charles Lamb,3.96
Charles Lockwood,4.33
Charles Mackay,3.88
Charles Osborne,3.5
Charles P. Rubenstein,2.67
Charles Petzold,4.39
Charles R. Miller,4.06
Charles R. Swindoll,4.265000000000001
Charles Rembar,3.88
Charles Segal,4.62
Charles Seife,3.96
Charles Simic,4.18
Charles Stross,3.704285714285714
Charles Tandy,4.0
Charles Taylor,4.0675
Charles Todd,4.032222222222222
Charles W. Sydnor Jr.,3.99
Charles Wheelan,4.03
Charles Willeford,3.936
Charles de Lint,3.81
Charlie Huston,3.8200000000000003
Charlotte Brontë,4.163333333333333
Charlotte Fiell,3.43
Charlotte Lyons,4.12
Cheri Huber,4.12
Cheryl Carlson,4.33
Cheryl St. John,3.68
Chester Gould,4.02
Chet Green,4.5
Chie Shinohara,4.445
Chieri Uegaki,4.19
Chiho Saito,3.992
Chimamanda Ngozi Adichie,4.32
Chinua Achebe,3.77
Chip Kidd,4.0649999999999995
Chris          Jones,4.2
Chris    Green,5.0
Chris   Smith,4.53
Chris  Williams,3.97
Chris Abani,3.78
Chris Adrian,3.9
Chris Anderson,3.81
Chris Archer,4.11
Chris Chester,4.33
Chris Claremont,3.75
Chris Gardner,4.19
Chris Gray,4.1
Chris Horrocks,3.32
Chris Ingham,3.91
Chris Kubica,3.5
Chris L. Demarest,4.14
Chris Malta,3.62
Chris Manby,3.4050000000000002
Chris Offutt,3.983333333333333
Chris Prentiss,4.05
Chris Rowthorn,4.05
Chris Ryall,4.23
Chris Seay,3.65
Chris Tait,3.83
Chris Van Allsburg,4.3
Chris Ware,4.202
Christie Ridgway,3.81
Christina Dodd,3.79
Christina Schwarz,3.74
Christina Scull,4.574999999999999
Christine Feehan,4.0600000000000005
Christine Rimmer,3.76
Christopher   Black,3.67
Christopher   Clark,4.14
Christopher   Duncan,3.13
Christopher   Green,4.06
Christopher Andersen,3.95
Christopher Biffle,4.33
Christopher Bram,4.1
Christopher Buckley,3.93
Christopher Caswell,3.62
Christopher Cokinos,4.22
Christopher Fowler,3.89
Christopher Golden,4.03
Christopher Hitchens,3.967
Christopher Isherwood,4.03
Christopher Janaway,3.8200000000000003
Christopher M. Andrew,3.93
Christopher Marlowe,3.85
Christopher Moore,3.9175
Christopher Partridge,3.78
Christopher Pike,3.65
Christopher Pinney,3.895
Christopher Priest,3.89
Christopher Schmitt,3.88
Christopher Stasheff,3.51
Chuck Klosterman,3.8
Chuck Palahniuk,3.695333333333333
Chuck Williams,3.82
Ciruelo Cabral,4.2
Claire Brennan,4.25
Claire McNab,3.74
Claire Messud,3.3833333333333333
Clare Naylor,3.38
Claudia Bishop,3.57
Claudia Carroll,3.3
Clayton M. Christensen,3.99
Clement Greenberg,3.9
Clifford D. Simak,3.94
CliffsNotes,3.89
Clint Willis,3.86
Clive Barker,4.054545454545455
Clive Cussler,3.921851851851852
Cody Goodfellow,3.86
Cole Porter,4.53
Colin      Wells,3.58
Colin  Wells,3.88
Colin Duriez,3.865
Colin McGinn,3.65
Colin Wilson,3.92
Colleen McCullough,4.05
Colleen Sexton,3.84
Colm Tóibín,3.775
Colson Whitehead,3.665
Colum McCann,3.85
Commander X,2.83
Confucius,3.83
Connie Mason,3.83
Connie Willis,3.7016666666666667
Constance Ash,3.82
Cook's Illustrated Magazine,4.4825
Cordwainer Smith,4.14
Corinne Hofmann,3.45
Cormac McCarthy,4.13375
Cornel West,3.95
Cornelia Funke,3.844
Cornelius Agrippa,4.1
Cornell Woolrich,3.865
Cory Doctorow,3.5675
Courtney E. Martin,3.78
Craig Keller,4.17
Craig Scharlin,4.22
Craig Thompson,3.786
Crissy Trask,3.55
Crystal Lacey Winslow,4.2
Curtis Saxton,4.21
Curtis Sittenfeld,3.38
Cynthia Chin-Lee,3.89
Cynthia Harrod-Eagles,4.223333333333333
Cynthia J. Arnson,3.5
Cynthia Rylant,4.095
Cynthia Voigt,3.9299999999999997
Cynthia W. Shelmerdine,4.5
D. Medina Lasansky,3.2
D.B. Wyndham-Lewis,3.73
D.C. Talk,4.135
D.H. Lawrence,3.77625
D.T. Max,3.91
D.W. Buffa,3.76
D.W. Meinig,4.19
Dai Sijie,3.64
Daidōji Yūzan,4.04
Daisy Meadows,3.8280000000000003
Dalai Lama XIV,4.055
Dale Brown,3.973333333333333
Dale Carnegie,4.12125
Dale Peck,3.5833333333333335
Dale Peterson,4.33
Dallas Willard,4.22
Damion Hunter,4.14
Dan B. Allender,4.04
Dan Birlew,4.215
Dan Brown,3.820588235294118
Dan Harrington,4.2
Dan Hitt,0.0
Dan Millman,4.133333333333334
Dan Nadel,4.05
Dan Savage,3.83
Dan Simmons,3.9237037037037035
Dan Slott,3.81
Dani Cavallaro,3.77
Daniel  Wallace,4.203333333333333
Daniel Abdal-Hayy Moore,3.16
Daniel Abraham,3.6
Daniel C. Dennett,3.908333333333333
Daniel Clowes,3.9899999999999998
Daniel Defoe,3.6450000000000005
Daniel Duane,3.87
Daniel Goleman,3.932
Daniel Horowitz,3.59
Daniel Jonah Goldhagen,3.68
Daniel Keyes,4.1000000000000005
Daniel Pinchbeck,3.7399999999999998
Daniel Pool,3.85
Daniel Quinn,4.07
Daniel Topolski,4.24
Danielle Steel,3.7866666666666666
Danny Palmerlee,3.89
Dante Alighieri,4.014
Danzy Senna,3.675
Daphne du Maurier,4.175000000000001
Darcy Frey,4.17
Daria Snadowsky,3.41
Darina Allen,4.19
Daron Acemoğlu,3.97
Darren R. Weissman,4.11
Darren Shan,4.196666666666666
Darwin Porter,3.51
Dashiell Hammett,4.043333333333333
Dashka Slater,3.6
Dava Sobel,3.865
Dave Aikins,3.47
Dave Barry,4.095000000000001
Dave Crane,3.56
Dave Eggers,3.7758823529411765
Dave Lakhani,3.34
Dave Land,3.89
Dave Luckett,3.86
Dave Pelzer,4.1
Dave R. Palmer,4.27
Dave Robinson,3.56
Dave Shea,3.98
Dave Thomas,3.935
David        James,4.08
David      West,3.99
David     Payne,3.25
David    Allen,3.92
David   Robbins,4.38
David   Ward,2.18
David  Allen,4.0
David  Michaels,3.936666666666666
David  Roberts,3.71
David A. Adler,3.965
David A. Black,3.77
David A. Nadler,4.62
David A. Stewart,3.75
David A. Ufer,3.87
David Allen Sibley,4.69
David Almond,3.705
David Axton,3.76
David B.,3.88
David Baggett,4.48
David Baldacci,4.01
David Bjerklie,3.97
David Bodanis,4.109999999999999
David Bowie,4.3
David Brin,3.9
David Bromberg,3.86
David Burnie,4.22
David Cairns,4.27
David Colbert,4.08
David Cote,4.18
David D. Burns,3.98
David Dalton,4.07
David Day,4.13
David Deida,3.99
David Donovan,4.27
David E. Kaiser,3.51
David Eddings,4.1375
David Edmonds,3.76
David Ellis,3.81
David Filkin,4.29
David Foster Wallace,4.132
David G. Hartwell,4.1075
David Gemmell,4.346666666666667
David Gerrold,3.79
David Goodis,3.7675
David Grene,4.29
David Guterson,3.83
David H. Chilton,4.1
David Hackett Fischer,4.05
David Haynes,4.0
David Hewson,3.57
David Horowitz,4.2
David J. Chalmers,4.08
David J. Danelo,3.91
David J. Hassel,4.0
David James Duncan,4.24
David K. Shipler,4.03
David L. Holmes,3.89
David L. Hull,3.89
David L. Robbins,4.11
David Lazar,3.95
David Levithan,3.67375
David Lindsay-Abaire,3.995
David Lubar,3.9
David M. Buss,4.08
David Malouf,3.88
David Mamet,3.9050000000000002
David McCasland,4.45
David McClung,4.07
David McCullough,4.09
David Mitchell,4.035
David Morrell,3.85
David Nasaw,3.99
David Neiwert,4.0
David Noonan,3.7
David Ogilvy,4.16
David Pogue,3.52
David Poyer,4.09
David R. George III,3.9299999999999997
David R. Hawkins,4.425
David Rakoff,3.72
David S. Garnett,3.57
David S. Reynolds,4.17
David Salo,3.73
David Schickler,3.61
David Sedaris,3.9199999999999995
David Simon,4.404999999999999
David Stanley,2.75
David Thomas Lord,3.35
David W. Macdonald,3.33
David W. Mount,3.86
David W. Phillips,3.57
David Weber,4.085
David Weisman,4.22
David Wellington,3.6
David Wiesner,4.21
David Wojnarowicz,4.04
David Wood,4.09
David Zane Mairowitz,3.8
Davina Thomas,4.09
Dawn B. Sova,4.33
Dean Koontz,3.9603571428571427
Dean R. Koontz,3.9
Deb Stover,3.31
Debbie Dadey,3.8
Debbie Raleigh,3.665
Deborah  Gordon,4.25
Deborah Blum,3.7
Deborah Bray Haddock,4.16
Deborah Eisenberg,4.0
Deborah Gregory,3.64
Deborah Hopkinson,4.05
Deborah Spungen,4.1
Deborah Woodworth,3.52
Debra Cowan,3.86
Debra Hess,3.9659999999999997
Debra Marquart,3.77
Deidre S. Laiken,4.05
Deirdre Bair,3.99
Delia Sherman,3.5375
Deloris Jordan,4.065
Denis Diderot,3.7375
Denis Johnson,3.8160000000000003
Denis Waitley,4.21
Denise Dersin,3.885
Denise Little,4.06
Denise Riley,3.64
Dennis Adler,5.0
Dennis Brindell Fradin,4.07
Dennis L. Kasper,4.35
Dennis Lehane,3.978333333333333
Dennis Slifer,3.69
Denny Caringer,3.83
Dermot Moran,4.18
Desmond Morris,3.95
Detlev J.K. Peukert,3.84
Devin McKinney,3.88
Devon W. Carbado,4.33
Devra Davis,4.02
Diablo Cody,3.54
Diana Butler Bass,4.0
Diana Cooper,4.0
Diana Gabaldon,4.203636363636364
Diana Kendall,3.21
Diana Palmer,3.965
Diana Vreeland,3.67
Diana Wynne Jones,4.003333333333333
Diane  Kennedy,4.15
Diane Duane,4.043333333333333
Diane Haeger,3.7
Diane Johnson,3.25
Diane Mott Davidson,3.86
Diane Setterfield,3.96
Diane Waldman,4.04
Dick Francis,3.9562068965517243
Dinah L. Moché,3.89
Dinesh D'Souza,4.13
Dixie Cash,3.8449999999999998
Dobrica Erić,0.0
Dodie Smith,4.0
Don    Wood,4.32
Don  Lee,3.47
Don Colbert,3.84
Don DeLillo,3.593888888888889
Don Ihde,3.73
Don Macmillan,4.75
Don Rosa,4.343333333333334
Don Webb,4.37
Donald  Lloyd,3.54
Donald A. Mackenzie,3.52
Donald A. Norman,4.096666666666667
Donald Barthelme,4.2
Donald D. Stull,3.46
Donald Goines,4.26
Donald H. Wolfe,3.84
Donald J. Crump,3.71
Donald J. Sobol,4.04
Donald J. Trump,3.66
Donald Kagan,4.01
Donald Miller,3.9133333333333336
Donald Spoto,3.9525
Donald T. Phillips,4.14
Donald Zochert,4.12
Donna Dale Carnegie,3.96
Donna Freitas,3.63
Donna Goldberg,3.82
Donna Hill,4.46
Donna Ickes,4.0
Donna Leon,3.79
Donna M. Jackson,3.91
Donna Tartt,3.6733333333333333
Donna VanLiere,4.23
Donna Woolfolk Cross,4.08
Doreen Cronin,4.196666666666666
Doris Kearns Goodwin,4.23
Doris Kloster,3.96
Doris Lessing,3.76
Dorothea Shefer-Vanson,4.32
Dorothy Corkille Briggs,4.27
Dorothy Dunnett,4.42
Dorothy L. Sayers,3.89
Dorothy Parker,4.27
Dorothy Roberts,4.19
Doug Lansky,3.38
Doug McClelland,3.92
Doug Stanton,4.29
Doug Walsh,0.0
Douglas A. Anderson,3.93
Douglas Adams,4.204210526315789
Douglas C. Giancoli,4.01
Douglas Clegg,3.573333333333333
Douglas Coupland,3.786363636363636
Douglas Downing,4.06
Douglas E. Winter,3.89
Douglas M. MacDowell,4.07
Douglas Preston,4.042222222222222
Douglas R. Hofstadter,4.215
Dow Mossman,3.15
Doyle Brunson,3.94
Dr. Seuss,4.14
Drew Carey,3.53
Dugald A. Steer,3.965
Dwight D. Eisenhower,4.08
Dyan Sheldon,3.7750000000000004
Dōgen,4.28
E. Nesbit,3.905
E.B. Potter,4.16
E.B. White,4.17
E.E. Cummings,4.316666666666666
E.J. Wagner,4.22
E.L. Doctorow,3.848
E.L. Konigsburg,3.6799999999999997
E.M. Forster,3.9036363636363633
E.R. Eddison,3.65
E.V. Gordon,4.1
Eamon Duffy,3.69
East Bay M. U. D. Staff,4.3
Eckhart Tolle,4.13
Ed  Young,4.0
Ed Dorn,4.11
Ed Gorman,3.925
Ed McBain,3.8425
Ed Roberson,4.13
Edgar Allan Poe,4.286363636363636
Edgar Rice Burroughs,3.82
Edith Hamilton,4.03
Edith Wharton,4.002666666666666
Edmond Rostand,4.06
Edmund Burke,3.76
Edmund Morris,4.210000000000001
Edmund S. Morgan,3.7925
Edmund Spenser,3.675
Eduardo Galeano,4.3
Edward Albee,4.08
Edward Bulwer-Lytton,3.6
Edward C. Klatt,4.33
Edward Copeland,4.09
Edward Countryman,3.29
Edward F. Edinger,3.93
Edward Gibbon,3.91
Edward Gorey,4.18
Edward J. Larson,3.9
Edward Lear,3.7800000000000002
Edward Lewis Wallant,3.88
Edward P. Jones,3.8550000000000004
Edward R. Tufte,4.115
Edward Rutherfurd,3.86
Edward St. Aubyn,3.76
Edward Steers Jr.,4.13
Edward T. Haslam,3.92
Edward T. Welch,4.05
Edward W. Said,4.1575
Edward de Bono,3.62
Edwidge Danticat,3.9675000000000002
Edwin A. Abbott,3.82
Edwin Page,3.25
Efraim Turban,3.93
Efrem Smith,3.91
Eiji Nonaka,4.17
Eiki Eiki,3.51
Eileen Gunn,3.77
Eireann Corrigan,3.95
Elaine Barbieri,3.94
Elaine Cunningham,3.825
Elaine Pagels,3.9
Elaine Sciolino,3.82
Elan Golomb,3.82
Elda Minger,4.0
Eleanor Clymer,4.14
Eleanor Dwight,4.24
Eleanor Estes,3.9560000000000004
Eleanor Herman,3.91
Eleanor J. Gibson,4.5
Elena N. Mahlow,5.0
Elie Wiesel,4.038333333333333
Elinor J. Pinczes,4.05
Elinor M. Brent-Dyer,4.08
Eliot Asinof,4.03
Eliot Ness,3.89
Elisabeth Elliot,4.4
Elisabeth Jean Wood,3.83
Elisabeth Kübler-Ross,4.13
Elise Broach,3.88
Eliza Gaynor Minden,4.35
Eliza Minot,3.68
Elizabeth  Davis,4.37
Elizabeth  George,3.9375
Elizabeth A. Lynn,3.5549999999999997
Elizabeth A. Schultz,4.28
Elizabeth Alexander,3.8
Elizabeth Berg,3.7000000000000006
Elizabeth C. Economy,3.8
Elizabeth Castro,3.8
Elizabeth Clare Prophet,4.0
Elizabeth Gaskell,3.91
Elizabeth George,4.345
Elizabeth Gilbert,3.4299999999999997
Elizabeth Hardwick,4.01
Elizabeth Hoyt,3.97
Elizabeth Knowles,4.2
Elizabeth Kostova,3.78
Elizabeth L. Fuller,3.73
Elizabeth Lowell,3.88
Elizabeth M. Butler,3.73
Elizabeth Mann,4.44
Elizabeth Mayne,3.27
Elizabeth Moon,4.27
Elizabeth Noble,3.59
Elizabeth Peters,3.972
Elizabeth Russell Miller,4.07
Elizabeth Silverthorne,4.25
Elizabeth Stewart,3.36
Elizabeth Stuart Phelps,3.55
Elizabeth Wurtzel,3.59
Elizabeth von Arnim,3.88
Ellen Anker,3.68
Ellen Evert Hopman,4.29
Ellen Kushner,3.65
Ellen Meloy,4.07
Ellen Raskin,4.02
Ellen Weiss,3.945
Elliot Aronson,4.0
Elliott A. Norse,4.59
Elliott Currie,3.83
Ellis Weiner,3.92
Elmer Kennedy-Andrews,3.38
Elspeth Huxley,4.0649999999999995
Elvi Rhodes,4.05
Elwood Reid,3.23
Emerson Eggerichs,4.18
Emil M. Cioran,4.25
Emily Barr,3.31
Emily Blake,4.16
Emily Brontë,3.85
Emily Dickinson,4.21
Emily Giffin,3.8375000000000004
Emily Jenkins,3.94
Emily Mann,4.02
Emine Sevgi Özdamar,3.71
Emma Barker,3.93
Emma Donoghue,3.6254545454545455
Emma Holly,3.7475
Emma McLaughlin,3.08
Emmanuel Le Roy Ladurie,3.96
Emmanuel Rhoides,3.92
Emmuska Orczy,4.050000000000001
Enid Blyton,4.023333333333333
Eoin Colfer,3.8942105263157893
Ephraim Sevela,4.14
Epictetus,4.266666666666667
Erasmus,3.8
Eric A. Meyer,4.0
Eric B. Martin,3.22
Eric Bischoff,3.62
Eric Carle,4.29
Eric Chaisson,3.935
Eric Flint,3.9
Eric Frank Russell,3.77
Eric H.F. Law,3.77
Eric Hansen,4.1
Eric Hobsbawm,3.893333333333333
Eric Homberger,4.06
Eric Jensen,4.11
Eric Klinenberg,3.86
Eric P. Kelly,3.76
Eric R. Kandel,4.1
Eric R. Wolf,4.12
Eric Schlosser,3.755
Eric Sykes,3.88
Eric Tyson,3.77
Erica Jong,3.5557142857142856
Erich Auerbach,4.25
Erich Fromm,4.108888888888888
Erich Maria Remarque,4.1450000000000005
Erik  Larson,3.71
Erik Larson,3.932
Erin McCarthy,3.72
Erin McKean,3.59
Erin St. Claire,3.643076923076923
Erle Stanley Gardner,3.88
Ernest Becker,4.16
Ernest Hemingway,3.9305555555555554
Ernest J. Gaines,3.95
Ernesto Laclau,3.965
Ernesto Sabato,4.05
Ernle Bradford,4.07
Errol Flynn,4.02
Erving Goffman,3.9299999999999997
Esmeralda Santiago,4.02
Estelle B. Freedman,4.27
Esther Perel,4.15
Esther Schor,3.88
Eudora Welty,4.045555555555556
Eugene J. McCarthy,4.5
Eugene Linden,3.93
Eugene O'Neill,4.1075
Eugène Ionesco,4.016666666666667
Euripides,4.053076923076923
Eva Brann,4.395
Eva-Maria Metcalf,3.78
Evan Thomas,4.11
Evangeline Walton,4.02
Evelyn Waugh,3.8375
Ewan McGregor,3.94
F. Scott Fitzgerald,3.9386666666666668
F.F. Bruce,3.86
FASA Corporation,3.71
Fannie Flagg,4.046666666666667
Fatemeh Keshavarz,3.63
Faye Perozich,4.2
Faïza Guène,3.4
Federico García Lorca,4.246
Fern Michaels,4.14
Fiona McAuslan,3.82
Flann O'Brien,4.01
Fodor's Travel Publications Inc.,3.43
Ford Madox Ford,3.72
Fran Leeper Buss,3.69
Frances Burney,3.67
Frances Gies,3.86
Frances Goodrich,4.06
Frances Hodgson Burnett,4.15
Frances J. Roberts,4.58
Frances Mayes,3.75
Frances Oliver,4.0
Frances Stonor Saunders,4.01
Francesca Lia Block,3.9966666666666666
Francine Pascal,3.6614285714285715
Francine Patterson,4.3
Francine Prose,3.5775
Francine Segan,4.01
Francis Davis,3.69
Francis Meynell,3.67
Frank  Graham,3.78
Frank Beddor,3.93
Frank Darabont,4.64
Frank E. Peretti,4.1375
Frank Furedi,3.52
Frank Herbert,3.823333333333333
Frank Kermode,3.68
Frank M. Carrano,3.47
Frank McConnell,3.455
Frank McCourt,3.93
Frank N. Magill,0.0
Frank P. Incropera,3.99
Frank Portman,3.56
Frank Warren,4.355
Frank Wedekind,3.8
Frank Zappa,4.13
Frank Zöllner,4.26
Franz Kafka,4.044444444444444
François Rabelais,3.71
Fred Anderson,4.16
Fred Goodman,3.91
Fred Pearce,3.94
Fred Saberhagen,3.7585714285714285
Frederick C. Beiser,4.52
Frederick Charles Copleston,4.1
Frederick Douglass,4.084
Frederick Exley,4.08
Frederick K. Goodwin,4.4
Frederick P. Brooks Jr.,4.05
Frederick P. Lenz,0.0
Frederik Pohl,4.02
Fredric Dannen,3.94
Friedrich A. Hayek,4.18
Friedrich Dürrenmatt,3.73
Friedrich Nietzsche,4.062941176470588
Friedrich Reck-Malleczewen,4.24
Fritjof Capra,3.97
Fulton J. Sheen,4.59
Fuyumi Ono,4.2
Fyodor Dostoyevsky,4.197297297297298
G. Edward White,3.67
G. Richard Shell,3.95
G.E. Bentley Jr.,4.06
G.K. Chesterton,4.14
Gabriel García Márquez,3.9381081081081084
Gabrielle Ann Euvino,4.0
Gail A. Eisnitz,4.35
Gail Carson Levine,3.98
Gail Godwin,2.89
Gail Grant,4.38
Gaius Julius Caesar,4.055
Galadriel Waters,4.05
Gale Gand,3.71
Galina Krasskova,3.83
Gardner Dozois,3.87
Garrison Keillor,4.093333333333333
Garry Nelson,3.97
Garry Wills,3.9185714285714286
Garth Ennis,4.0
Garth Nix,4.045
Gary A. Braunbeck,4.25
Gary B. Nash,3.79
Gary Chapman,4.7
Gary Colombo,3.77
Gary Friedrich,3.62
Gary K. Carey,3.295
Gary L. Blackwood,3.68
Gary L. Hardcastle,3.68
Gary Oates,4.31
Gary Paulsen,3.987142857142857
Gary Russell,4.0633333333333335
Gary Snyder,4.09
Gary Yukl,3.68
Gaston Leroux,3.53
Gavin Baddeley,4.155
Gavin Menzies,3.6
Gayden Metcalfe,3.86
Gayle Lynds,3.95
Gelsey Kirkland,3.8
Gene A. Brucker,3.57
Gene Wilder,3.9
Gene Wolfe,4.0525
Geneen Roth,4.003333333333333
Geneviève,3.96
Geoff Emerick,4.25
Geoffrey Batchen,4.22
Geoffrey Chaucer,3.685
Geoffrey M. Bellman,3.46
Geoffrey Miller,4.1
Geoffrey S. Kirk,4.25
Georg Feuerstein,3.71
Georg Wilhelm Friedrich Hegel,3.6314285714285717
George  Adamson,4.23
George Balanchine,4.0
George Beahm,3.763333333333333
George Bernard Shaw,3.905
George Crile,4.01
George E. Stanley,3.8724999999999996
George Eliot,3.8344444444444443
George Gamow,4.19
George Gladir,3.91
George Grant,3.69
George H. Scherr,4.32
George H. Wood,3.5
George Lakoff,4.050000000000001
George Lucas,4.133333333333334
George MacDonald,4.08
George MacDonald Fraser,4.08
George Orwell,4.15
George Pelecanos,3.64
George Plimpton,4.08
George R.R. Martin,4.093999999999999
George S. Clason,4.26
George Saunders,4.035
George Selden,4.02
George Smoot,4.01
George Stalk Jr.,3.49
George Sullivan,4.12
George Washington,4.08
Georges Bataille,3.995
Georges Perec,3.9479999999999995
Georges Simenon,3.740769230769231
Georgette Heyer,3.915
Georgina Grey,3.0
Gerald Posner,3.96
Geraldine Brooks,3.8699999999999997
Geraldine McCaughrean,3.73
Geraldine Pinch,3.61
Gertrude Chandler Warner,3.86
Gertrude Stein,3.59
Gertrude the Great,3.43
Gia Bathory Al Babel,2.55
Giada De Laurentiis,4.0
Giles Andreae,4.3
Gill Harvey,3.35
Gilles Deleuze,4.1866666666666665
Gillian Avery,3.905
Giorgio De Santillana,4.29
Girolamo Cardano,3.75
Giuliana DePandi,3.15
Giuliano Hazan,3.79
Glen David Gold,4.09
Glenn M. Schwartz,4.0
Glenn Yeffeth,3.86
Gloria Goldreich,3.38
Gloria Naylor,4.17
Gonzague Saint Bris,4.0
Good Housekeeping,4.37
Gordon Bowker,3.83
Gordon Dahlquist,3.5
Gordon Korman,3.927391304347826
Gordon S. Wood,4.05
Gore Vidal,4.065
Gotthold Ephraim Lessing,3.7
Govind Armstrong,3.6
Graham Chapman,4.3
Graham Greene,3.8791666666666664
Graham Hancock,3.95
Graham Handley,0.0
Graham Masterton,3.62
Graham McNeill,3.97
Grant Morrison,3.970869565217391
Grant R. Osborne,3.94
Graydon Carter,4.47
Greg  Taylor,2.98
Greg Behrendt,3.84
Greg Cox,4.0
Greg Iles,4.0183333333333335
Greg Keyes,3.81
Greg Tang,4.03
Gregg Olsen,3.79
Gregory Bassham,4.28
Gregory Maguire,3.4814285714285718
Gretchen Moran Laskas,3.83
Grif Stockley,3.55
Gus Russo,3.88
Gus Van Sant,3.76
Gustave Flaubert,3.73
Gustave Le Bon,3.93
Guy Kawasaki,3.87
Guy Ogilvy,4.03
Guy W. Jones,4.35
Gwen Moran,3.32
Gwyn Hyman Rubio,3.7
Gwynne Forster,4.2
Günter Grass,3.54
H. Jay Riker,3.9
H. Rider Haggard,3.8
H.G. Bissinger,3.88
H.G. Wells,3.7842857142857143
H.P. Lovecraft,4.247272727272727
H.R. Giger,4.35
H.W. Brands,4.0
Ha Jin,3.7525
Hailey Abbott,3.41
Halldór Laxness,3.8516666666666666
Hania Czajkowski,4.0
Hanif Kureishi,3.6550000000000002
Hannah  Green,3.87
Hannah Arendt,4.095000000000001
Hannah Hurnard,4.02
Hans Blumenberg,3.93
Hans Jonas,4.24
Hanshan,4.41
Harlan Coben,4.03125
Harlan Ellison,4.03
Harlow Giles Unger,4.37
Harold Abelson,4.45
Harold Bloom,4.066666666666666
Harold C. Livesay,3.25
Harold Coyle,4.07
Harold G. Moore,4.31
Harper Lee,4.27
Harpo Marx,4.41
Harriet Lerner,4.0649999999999995
Harrison Edward Livingstone,3.22
Harry Crews,3.79
Harry G. Frankfurt,3.545
Harry Graham,3.86
Harry Hamernik,4.02
Haruki Murakami,3.937
Haruko Taya Cook,4.34
Harvey Mansfield,3.39
Harvey P. Mandel,3.8
Harvey Pekar,3.812
Haven Kimmel,3.842
Hayao Miyazaki,4.545555555555556
Hazel Rowley,4.11
Heather Jarman,3.78
Heather O'Neill,3.98
Heidi Baker,4.46
Heidi Betts,3.37
Heidi Boyd,3.775
Heidi Fleiss,3.82
Heidi Hayes Jacobs,3.6233333333333335
Heidi Murkoff,3.83
Helen  Cooper,4.02
Helen Ericson,3.84
Helen Fielding,3.5300000000000002
Helen Fisher,3.94
Helen L. Taylor,4.26
Helen McCarthy,3.93
Helen Vendler,4.1850000000000005
Helena Grice,3.7
Hemant Mehta,3.54
Henepola Gunaratana,4.3
Henning Mankell,3.915714285714286
Henri Blocher,3.68
Henri J.M. Nouwen,4.276
Henry Chadwick,3.8725
Henry David Thoreau,4.2
Henry Fielding,3.74
Henry James,3.815
Henry Jenkins,3.85
Henry Louis Gates Jr.,4.2
Henry M. Sayre,3.73
Henry Miller,3.88625
Henry Mintzberg,3.83
Herbert Asbury,3.6100000000000003
Herman Melville,3.5045454545454544
Herman Wouk,4.05875
Hermann Broch,4.19
Hermann Hesse,4.010909090909091
Hermione Lee,4.26
Herodotus,3.99
Hershel Parker,4.22
Hervie Haufler,4.18
Hervé Guibert,3.92
Hesiod,3.87625
Hiawyn Oram,4.25
Hidenori Hara,3.94
Hideyuki Kikuchi,4.06
Hilary H. Milton,3.615
Hildegarde Hoyt Swift,4.26
Hinako Takanaga,4.153333333333333
Hirohiko Araki,4.316111111111111
Hiroki Endo,4.085
Hiromu Arakawa,4.554615384615385
Hiroyuki Morioka,4.18
Homer,3.880434782608696
Homer Hickam,4.14
Honoré de Balzac,3.8971428571428572
Hope S. Warshaw,3.42
Horace,4.0
Horace  Silver,4.27
Horace Walpole,3.18
Howard Chaykin,3.19
Howard E. Covington Jr.,3.91
Howard F. Lyman,4.03
Howard Korder,3.76
Howard Stern,3.77
Howard W. Stone,3.67
Howard Zinn,4.165
Hugh    Miller,3.79
Hugh Bicheno,3.79
Hugh Honour,3.8625
Hugh Kenner,4.37
Hugh Laurie,3.68
Humphrey Carpenter,3.965
Hunter Davies,4.1
Hunter S. Thompson,4.051428571428572
Huston Smith,4.055
Hélène Greven-Borde,4.27
Iain Banks,3.17
Iain Crichton Smith,3.88
Iain Levison,3.83
Iain M. Banks,4.098181818181818
Iain Pears,3.7875
Ian        Martin,5.0
Ian Buruma,3.72
Ian Caldwell,3.23
Ian Edginton,3.6700000000000004
Ian Fleming,3.7359999999999998
Ian Glasper,3.99
Ian Hemphill,4.25
Ian Jack,3.83
Ian King,3.98
Ian McEwan,3.57
Ian Ogilvy,3.97
Ian Stewart,3.71
Ian Thomson,4.11
Ian W. Toll,4.32
Ian Whybrow,3.53
Igor Stravinsky,4.11
Ilona Andrews,4.07
Immanuel Kant,3.9199999999999995
Ina Garten,4.15
Ina May Gaskin,4.38
Indu Sundaresan,4.04
Ingri d'Aulaire,4.39
International Code Council (ICC),3.4450000000000003
Ira Levin,3.94
Iraj Pezeshkzad,4.16
Iris Fry,4.02
Iris Murdoch,3.8369999999999997
Irvin D. Yalom,4.2716666666666665
Irvine Welsh,3.794285714285714
Irving John,3.63
Irving Stone,4.07
Isaac Asimov,4.084117647058824
Isaac Bashevis Singer,4.19625
Isabel Allende,3.9245000000000005
Isabel Miller,3.9
Isak Dinesen,4.078
Ishmael Beah,4.16
Ishmael Reed,3.825
Italo Calvino,4.041666666666667
Ivan T. Sanderson,3.73
Ivan Turgenev,3.945
Ivo Andrić,4.33
Iyanla Vanzant,4.23
J. Anthony Lukas,4.28
J. Ed Komoszewski,4.2
J. Keith Cheetham,3.25
J. Maarten Troost,3.87
J. Martin Evans,0.0
J. Michael Lennon,4.0
J. Michael Straczynski,3.45
J. Scott Duvall,4.17
J. Torres,3.44
J.A. Jance,4.02
J.D. Robb,4.23
J.D. Salinger,3.9699999999999998
J.E. Austen Leigh,3.83
J.E. Bright,3.34
J.G. Passarella,3.71
J.J. Connolly,3.98
J.J. Isler,3.95
J.K. Rowling,4.52125
J.M. Barrie,3.9983333333333335
J.M. Coetzee,3.8485714285714283
J.R. Hyland,4.0
J.R. Ward,4.325
J.R.R. Tolkien,4.22313725490196
J.V. Jones,3.86
J.W. Rinzler,4.53
Jack Du Brul,4.12
Jack Dunphy,3.33
Jack Finney,3.96
Jack Frost,4.33
Jack Higgins,3.92
Jack Kerley,3.95
Jack Kerouac,3.7836363636363632
Jack London,3.9539999999999997
Jack Meadows,3.8
Jack Vance,3.9008333333333334
Jack Weatherford,4.11
Jack Williamson,3.605
Jackie French Koller,3.8
Jackson J. Benson,4.19
Jacob Grimm,4.353333333333333
Jacob Weisberg,3.37
Jacqueline Ann,2.67
Jacqueline Carey,4.102
Jacqueline Harpman,4.09
Jacqueline K. Ogburn,4.27
Jacqueline Winspear,4.09
Jacquelyn Mitchard,3.87
Jacquelyn Reinach,4.02
Jacques Derrida,4.2
Jahan Ramazani,4.23
Jahnna N. Malcolm,3.4933333333333336
Jakob Nielsen,3.84
James    Campbell,4.03
James   Campbell,4.21
James   McBride,4.0024999999999995
James   Paul,2.75
James  Hawkins,3.7
James A. Hetley,3.43
James A. Michener,4.003076923076923
James A. Owen,3.86
James Axler,3.88
James B. South,4.06
James B. Stewart,4.16
James B. Stiff,3.31
James Baldwin,4.323333333333333
James Brian Smith,4.26
James Brodrick,4.09
James C.    Simmons,3.9
James C. Collins,3.99
James C. Humes,3.98
James C. Mitchell,3.22
James Campbell,4.04
James Clavell,4.0183333333333335
James Craig Holte,0.0
James D. Bradley,4.19
James Daley,4.3
James Daugherty,3.41
James E. Campbell,5.0
James E. Ingram,4.5
James Ellroy,3.69875
James F. Calvert,4.17
James Fenimore Cooper,3.8533333333333335
James Frey,3.65
James Gleick,3.84
James Graham Leyburn,3.97
James H. Billington,4.54
James H. Cobb,4.01
James H. Cone,4.37
James Hamilton-Paterson,3.77
James Herriot,4.42
James Hillman,4.22
James Hilton,3.92
James J. Gibson,4.26
James Joyce,3.7616666666666667
James K. Lowers,3.6399999999999997
James K. Morrow,3.75
James Kirkwood Jr.,3.75
James Krüss,4.3
James L. Nelson,4.01
James L. Stokesbury,3.95
James Lamar Roberts,3.6675
James Lee Burke,4.0200000000000005
James Lincoln Collier,3.59
James Luceno,4.16
James M. Cain,3.8
James M. Kouzes,4.05
James M. McPherson,4.35
James Mangold,4.02
James N. Frey,3.9050000000000002
James Patterson,3.902093023255814
James Pinocchio,3.41
James Plath,3.57
James Preller,3.87
James Redfield,3.8433333333333337
James Robert Smith,3.31
James Salter,3.9
James Scott Bell,4.08
James Shapiro,4.09
James Shreeve,3.83
James T. Farrell,3.89
James T. Patterson,3.85
James Tiptree Jr.,4.01
James W. Loewen,3.98
James Wallace,4.11
Jamie Jensen,3.96
Jamie Lee Curtis,4.16
Jamie Oliver,4.04
Jan Frank,3.97
Jan Greenberg,3.94
Jan Guillou,4.0
Jan M. Kriebs,4.06
Jan Needle,3.71
Jane Austen,4.157272727272727
Jane B. Mason,3.855
Jane Chance,3.62
Jane E. Gerver,4.06
Jane Feather,3.565
Jane Gardam,3.93
Jane Green,3.595833333333333
Jane Haddam,3.88
Jane Hamilton,3.7575000000000003
Jane Heller,3.52
Jane Jeong Trenka,4.17
Jane Leslie Conly,3.65
Jane Medwell,3.87
Jane Moore,3.41
Jane Parker Resnick,4.1
Jane Porter,3.715
Jane Robins,3.39
Jane Smiley,3.7122222222222216
Jane Walmsley,3.26
Jane Werner Watson,4.43
Jane Yolen,4.21
Janet Brennan Croft,3.79
Janet Evanovich,3.936896551724138
Janet Fitch,3.8000000000000003
Janet Flanner,3.85
Janet Geringer Woititz,4.09
Janet S. Wong,3.72
Janet Valade,3.55
Janet Wallach,3.92
Janette K. Klingner,3.79
Janette Oke,4.01
Janice Cook Migliaccio,3.47
Janice Ross,4.33
Janna Levin,3.68
Janny Wurts,3.9971428571428573
Janwillem van de Wetering,3.77
Jared Diamond,3.9325
Jaroslav Hašek,4.11
Jasmine C.M. Luk,0.0
Jason Hook,4.06
Jason King,3.6
Jasper Fforde,4.025714285714286
Javier Cercas,3.81
Jay McInerney,3.6666666666666665
Jay Parini,2.6933333333333334
Jay Rubin,3.83
Jayne Ann Krentz,3.8200000000000003
Jayne Castle,4.0775
Jean Aitchison,3.0
Jean Baudrillard,3.9299999999999997
Jean Craighead George,4.06
Jean Estoril,4.128333333333333
Jean Gibran,4.21
Jean Houston,3.95
Jean Lorrah,3.72
Jean M. Auel,4.0375
Jean Marzollo,3.75
Jean Nienkamp,4.2
Jean Rabe,3.563333333333333
Jean Rhys,3.58
Jean Sasson,3.9450000000000003
Jean Shepherd,4.08
Jean Stein,4.14
Jean Stone,3.89
Jean Van Leeuwen,3.705
Jean-Benoît Nadeau,3.74
Jean-Jacques Rousseau,3.7283333333333335
Jean-Luc Marion,4.03
Jean-Paul Sartre,3.882222222222222
Jeanette Winterson,3.8711111111111114
Jeanne DuPrau,3.27
Jeanne Sallade Criswell,2.83
Jeanne Treat,3.63
Jeannette Walls,4.27
Jed Carleton,3.68
Jeff   Smith,3.38
Jeff Hawkins,4.12
Jeff Long,3.6
Jeff Povey,3.22
Jeff Rovin,3.865
Jeff Shaara,4.166666666666667
Jeffery Deaver,3.937857142857143
Jeffery Hudson,3.72
Jeffrey Alford,4.18
Jeffrey Archer,3.9399999999999995
Jeffrey Eugenides,4.0
Jeffrey Ford,3.935
Jeffrey H. Tigay,3.82
Jeffrey Meyers,4.0
Jen Lancaster,3.9799999999999995
Jenna Jameson,3.76
Jennifer Allison,3.89
Jennifer Chiaverini,4.04
Jennifer Crusie,3.7681818181818185
Jennifer Frantz,4.13
Jennifer Hendricks,3.63
Jennifer O'Connell,3.47
Jennifer Quasha,4.04
Jennifer Watson,3.64
Jennifer Weiner,3.6425
Jennings Michael Burch,4.32
Jenny Hendy,3.6
Jenny Nimmo,3.76
Jenny Wormald,3.72
Jeremy D. Zawodny,4.23
Jeremy Gilbert-Rolfe,3.56
Jeremy Leven,4.13
Jeremy Rifkin,3.82
Jeremy Treglown,3.62
Jeremy Weate,3.92
Jerome K. Jerome,3.928
Jerome Kagan,3.42
Jerome Karabel,4.08
Jerome Preisler,3.91
Jerry Ahern,3.69
Jerry B. Jenkins,4.28
Jerry Burton,4.83
Jerry Seinfeld,3.63
Jerry Spinelli,3.79
Jerzy Kosiński,3.69
Jess Lourey,3.56
Jess Walter,3.51
Jessica Adams,3.26
Jessica Conant-Park,3.45
Jessica Hagedorn,3.59
Jessica Mitford,4.13
Jessica Porter,3.69
Jessica Snyder Sachs,3.93
Jhumpa Lahiri,4.043333333333334
Jiddu Krishnamurti,4.36
Jill Colella,3.69
Jill Conner Browne,4.02
Jill Elizabeth Nelson,3.69
Jill Mansell,3.7350000000000003
Jill Nelson,3.8
Jillian Hunter,3.99
Jim  Murphy,3.69
Jim  Powell,4.0
Jim Butcher,4.303333333333334
Jim Carroll,4.1
Jim Dutcher,4.58
Jim Fergus,3.88
Jim Henson,4.2
Jim Hougan,4.12
Jim Keogh,3.0
Jim Lehrer,3.4659999999999997
Jim Morrison,3.96
Jim Northrup,4.15
Jim Supica,4.44
Jim Thompson,3.7
Jim Toomey,4.35
Jim Trelease,4.41
Jim Wight,4.2
Jimmy Buffett,3.865
Jimmy Carter,3.67875
Jincy Willett,3.74
Jo Ann Ooiman Robinson,4.25
Jo Clayton,3.7675
Joan Aiken,4.135
Joan Dayan,3.95
Joan Didion,3.9745454545454546
Joan Elizabeth Klingel Ray,4.03
Joan Goldstein,4.38
Joan Holub,3.27
Joan Jonker,4.48
Joan Sinclair,4.11
Joanna Strange,3.84
Joanna Weaver,4.18
Joanne Fluke,3.84125
Joanne Harris,3.80125
Joanne Rocklin,4.0
Joaquin Miller,4.32
Jodee Blanco,3.85
Jodi Cobb,3.9
Jodi Picoult,3.7558823529411764
Joe  Miller,3.8
Joe Adamson,4.07
Joe Haldeman,3.671111111111111
Joe Kelly,3.67
Joe Kubert,3.47
Joe Meno,3.72
Joe Simpson,4.22
Joel Salatin,4.01
Joel Spolsky,4.11
Joel-Peter Witkin,4.54
Johann Wolfgang von Goethe,3.8009999999999997
Johanna Hurwitz,3.84
Johanna Rothman,3.96
Johanna Spyri,3.99
John               White,4.47
John             Lewis,4.49
John         Green,3.77
John      O'Brien,3.4
John     Kay,4.1
John     Nichols,4.005
John    Mason,4.39
John   Barton,4.35
John   Hammond,4.06
John  Adams,4.17
John  Baxter,3.83
John  Compton,3.86
John  Diamond,5.0
John  Miller,3.6
John  Smith,3.39
"John ""Red"" Shea",3.51
John A. Keel,3.54
John A. McDougall,4.01
John Ayto,4.38
John Baldessari,4.0
John Banville,3.6411111111111105
John Barth,3.872
John Berendt,3.793333333333333
John Boslough,4.02
John Brunner,3.552222222222222
John Bunyan,4.0
John C. Maxwell,4.203333333333333
John Carratello,4.0
John Cheever,3.8966666666666665
John Colapinto,3.97
John Cottingham,4.04
John D'Emilio,4.21
John D. Cox,4.05
John D. Fitzgerald,4.26
John D. Leonard,4.1
John Dickson Carr,4.01
John Dos Passos,3.9875
John E. Upledger,4.11
John Ehle,4.15
John Eldredge,3.915
John F. MacArthur Jr.,4.0649999999999995
John F. Nash,3.89
John Fowles,4.05
John G. Fuller,3.56
John Gardner,3.9966666666666666
John Garth,3.71
John Granger,4.13
John Graves,4.31
John Gray,3.573333333333333
John Gregory Betancourt,3.77
John Gribbin,4.08
John Grigsby,3.57
John Grisham,3.871052631578947
John Grogan,4.13
John Guare,4.0
John Guy,3.93
John Harold Haynes,3.85
John Harwood Hick,3.68
John Helfers,3.69
John Henry Newman,4.12
John Hersey,4.125
John Hodgman,3.82
John Howard Griffin,4.13
John Irving,3.615625
John J. Nance,3.96
John Jackson Miller,4.07
John Julius Norwich,4.12
John Keats,4.3
John Keegan,3.83
John Kennedy Toole,3.89
John Kenneth Galbraith,4.05
John Knoll,4.13
John Knowles,3.57
John Lange,3.53
John Lawrence Peterson,3.815
John Lescroart,4.015
John Lewis Gaddis,4.03
John Lindow,4.11
John M. Barry,3.96
John M. Hull,3.98
John M. Merriman,4.0
John M. Perkins,4.35
John Maddox Roberts,3.91
John Major Jenkins,3.71
John Marco,3.9
John Mason,3.6399999999999997
John Maynard Smith,4.0649999999999995
John McPhee,4.1691666666666665
John Milner,3.73
John Milton,3.976363636363636
John Newhouse,3.63
John O'Donohue,4.47
John Ostrander,4.025
John Patrick Diggins,3.88
John Peel,4.12
John Perkins,3.9699999999999998
John Piper,4.2375
John Prevas,3.83
John S.D. Eisenhower,3.825
John Sandford,4.1814285714285715
John Saul,3.893333333333333
John Steinbeck,4.031176470588235
John Terra,4.0
John Tosh,3.46
John Updike,3.8685714285714283
John W. Dean,3.73
John W. Dettman,3.5
John W. Gardner,3.82
John W. Schott,2.67
John Warry,4.14
John Waters,4.21
John Weld,0.0
John Wilcockson,3.67
John Wooden,4.45
John le Carré,3.95
Johnny Cash,4.07
Jon   Stewart,3.8049999999999997
Jon Agar,3.33
Jon Kabat-Zinn,3.9699999999999998
Jon Krakauer,4.05
Jon Lee Anderson,4.12
Jon M. Gibson,4.11
Jon Meacham,3.8
Jon Ronson,3.8366666666666664
Jon Stone,4.44
Jonathan  A. Goldstein,3.96
Jonathan  Andrews,3.42
Jonathan Barnes,4.115
Jonathan Carroll,3.8983333333333334
Jonathan Clements,4.04
Jonathan Croall,4.0
Jonathan Franzen,3.4200000000000004
Jonathan Hale,3.92
Jonathan Harr,3.816666666666667
Jonathan Kozol,4.25
Jonathan Lethem,3.56
Jonathan Parshall,4.42
Jonathan Phillips,4.04
Jonathan Ryder,3.62
Jonathan Safran Foer,3.922857142857143
Jonathan Shay,4.25
Jonathan Swift,3.647777777777778
Jonathan Wolff,4.11
Jorge Bucay,3.73
Jorge Cervantes,4.39
Jorge Cruise,3.1
Jorge Luis Borges,4.373571428571428
Joscelyn Godwin,3.46
Josef Pieper,4.5
Joseph A. Tainter,4.15
Joseph Blotner,4.13
Joseph Bruchac,3.995
Joseph Campbell,4.3133333333333335
Joseph Conrad,3.662857142857143
Joseph Delaney,3.99
Joseph E. Stiglitz,3.85
Joseph Epstein,3.9
Joseph Frank,4.5
Joseph Gallagher,4.49
Joseph Heller,3.56
Joseph J. Ellis,3.955
Joseph McMoneagle,3.59
Joseph O'Connor,3.4
Joseph Pearce,4.06
Joseph Vargo,4.23
Joseph Wambaugh,3.7649999999999997
Josiah Bunting,3.89
Joss Whedon,4.2
Jostein Gaarder,3.7775
José Saramago,3.9647058823529413
Joy Harjo,4.39
Joy King,4.15
Joy Kogawa,3.64
Joyce Carol Oates,3.604761904761905
Joyce Lankester Brisley,4.12
Joyce Meyer,4.34
Joyce Reardon,3.67
João Guimarães Rosa,4.33
Ju-Yeon Rhim,3.49
Juan Bonilla,3.54
Juan Rulfo,4.18
Judd Winick,3.43
Jude Fisher,4.29
Jude Watson,3.8449999999999998
Judi Barrett,4.023333333333333
Judith A. Lansdowne,4.02
Judith Butler,3.84
Judith Cornell,4.11
Judith Farr,3.84
Judith Larner Lowry,4.29
Judith M. Meloy,3.73
Judith McNaught,4.13
Judith Thurman,4.06
Judith Viorst,3.92
Judy Blume,3.84
Judy Hall,4.38
Judy Sierra,4.17
Judy Tam Sargent,3.2
Jules Verne,3.882
Julia Alvarez,3.83
Julia Briggs,4.15
Julia Butterfly Hill,3.95
Julia Child,4.17
Julia Glass,3.57
Julia Golding,4.21
Julia Indichova,3.83
Julia Jarman,4.03
Julia Wilkinson,4.27
Julian Barnes,3.7325
Julian Caldecott,4.5
Julian Jaynes,4.25
Julian Markels,3.33
Julian May,4.116
Julian Rubinstein,4.02
Julie A. Schrader,4.29
Julie Aigner-Clark,3.71
Julie Andrews Edwards,3.7750000000000004
Julie E. Czerneda,4.13
Julie Elizabeth Leto,3.77
Julie Garwood,4.0
Julie Kenner,3.6155555555555554
Julie Leto,3.58
Julie Mullaney,4.01
Julie Orringer,3.96
Julie Otsuka,3.73
Julie Powell,3.7
Julie Sylvester,5.0
Juliet Marillier,4.086666666666667
Juliette Aristides,4.12
Juliette Benzoni,4.19
Juliette De Bairacli Levy,4.38
Jun'ichirō Tanizaki,3.852222222222222
June Casagrande,3.78
Jung Chang,4.116666666666666
Junichi Satō,3.97
Junji Ito,4.13
Justin   O'Brien,3.5
Justin Akers Chacón,4.08
Justin Kaplan,3.99
Justine Korman Fontes,3.5
Jürgen Habermas,3.89
K.A. Applegate,3.77
Kahlil Gibran,4.099
Kaho Miyasaka,4.074999999999999
Kang-Woo Lee,4.03
Kaoru Mori,3.83
Kara,4.0649999999999995
Karel Čapek,4.17
Karen  O'Connor,3.098
Karen A. Bale,2.77
Karen Armstrong,3.975
Karen Berman,4.12
Karen Cushman,3.723333333333333
Karen Essex,3.72
Karen Harper,4.05
Karen Hawkins,3.8
Karen Hesse,3.8625
Karen Joy Fowler,3.08
Karen Katz,3.84
Karen Kingsbury,4.412307692307692
Karen Rizzo,3.67
Karen Tei Yamashita,3.7249999999999996
Karen Traviss,4.24
Karen Zeinert,4.0
Karin Slaughter,3.9575
Karl Barth,3.72
Karl Jaspers,3.92
Karl Marx,3.5625
Karyn Monk,3.75
Kate Atkinson,3.77625
Kate Bornstein,4.03
Kate Braverman,3.95
Kate Chopin,3.9499999999999997
Kate DiCamillo,4.090000000000001
Kate Elliott,3.91
Kate Hemphill,4.07
Kate Horsley,3.71
Kate Jacobs,3.42
Kate Klise,4.2
Kate Maurer,3.7
Kate McMullan,3.825
Kate Mosse,3.57
Kate Pennington,3.02
Kate Sedley,4.07
Kate Summerscale,3.69
Kate Walker,3.0
Katharine Holabird,3.88
Katharine McMahon,3.25
Katherine Beckett,3.87
Katherine Dunn,3.97
Katherine E. Krohn,3.79
Katherine Hall Page,3.68
Katherine Neville,3.91
Katherine Paterson,4.01
Katherine Ramsland,3.94
Kathleen A. Brehony,3.99
Kathleen Banks Freeman,4.25
Kathleen Eagle,3.79
Kathleen Eschenburg,3.88
Kathleen Olmstead,4.24
Kathleen Parkinson,3.88
Kathleen V. Kudlinski,3.93
Kathleen Winsor,3.99
Kathryn  Hughes,4.05
Kathryn Lasky,3.9642857142857144
Kathy Acker,3.54
Katrina Kittle,4.02
Kay Arthur,4.16
Kay Redfield Jamison,4.06
Kaye Gibbons,3.8549999999999995
Kaza Kingsley,4.0
Kazuo Ishiguro,3.7128571428571426
Kazuo Umezu,3.89
Kei Kusunoki,3.46
Kei Ohishi,3.82
Keith Badman,4.56
Keith Baker,3.65
Keith Donohue,5.0
Keith Gray,3.39
Keith Herber,3.7566666666666664
Kelley Armstrong,4.082857142857143
Kelly  Carr,3.0
Kelly McGrath Vlcek,3.81
Ken Follett,3.81
Ken Haedrich,3.81
Ken Kesey,3.89
Ken Knabb,4.26
Ken Mandelbaum,4.09
Kenneth C. Laudon,3.5
Kenneth Grahame,3.99
Kenneth H. Blanchard,3.8442857142857143
Kenneth Osgood,3.85
Kenneth Robeson,3.99
Kenneth Silverman,4.01
Kent R. Weeks,4.09
Kenzaburō Ōe,3.813333333333333
Keri Hulme,3.72
Kermit L. Hall,3.5
Kerry Patterson,4.03
Kevin   Walsh,4.16
Kevin Brockmeier,3.67
Kevin Crossley-Holland,4.01
Kevin D. Mitnick,3.76
Kevin Henkes,4.035
Kevin O'Malley,4.08
Kevin S. Decker,4.05
Kevin Smith,4.07
Kevin Trudeau,3.315
Kim Edwards,3.67
Kim Harrison,4.197142857142857
Kim Newman,3.16
Kim Stanley Robinson,3.6740000000000004
Kim Wilson,3.79
Kimon Nicolaides,3.9
King Arthur Flour,4.13
Kingdome 19,3.67
Kip S. Thorne,4.18
Kira Salak,3.93
Kitty Burns Florey,3.59
Kiyohiko Azuma,4.38
Knut Hamsun,3.8728571428571428
Kohta Hirano,4.325
Konrad Eisenbichler,2.0
Konrad Lorenz,4.23
Kresley Cole,4.0633333333333335
Kris Lane,3.52
Kristi Gold,3.27
Kristian Fraga,4.26
Kristiana Gregory,4.27
Kuki Gallmann,3.8
Kurban Said,3.92
Kurt Busiek,3.9659999999999997
Kurt Eichenwald,4.23
Kurt Reighley,3.36
Kurt Reiter,4.0
Kurt Vonnegut Jr.,3.892105263157895
Kym Douglas,3.37
Kyoko Hikawa,4.4399999999999995
Kōbō Abe,3.7125
Kōji Suzuki,3.67
L. Alan LeDoux,3.93
L. David Allen,3.45
L. John Mason,4.22
L. Sprague de Camp,3.65
L.A. Banks,4.1530000000000005
L.M. Montgomery,4.124615384615384
Lady Sarashina,3.82
Lala Okamoto,1.67
Lalita Tademy,4.06
Lan Samantha Chang,3.92
Lance Armstrong,3.6533333333333338
Lane Smith,4.21
Lani Guinier,3.87
Lao Tzu,4.3
Larry Bond,4.02
Larry Burkett,3.71
Larry J. Koenig,3.99
Larry J. Stephens,4.0
Larry McMurtry,4.13
Larry Young,3.0
Laura  Jordan,3.94
Laura Buller,3.91
Laura Caldwell,3.54
Laura Dave,3.45
Laura Driscoll,5.0
Laura E. Berk,3.64
Laura Esquivel,3.682
Laura Florand,3.53
Laura Furman,3.78
Laura Godwin,3.44
Laura Ingalls Wilder,4.0972
Laurel Thatcher Ulrich,4.01
Laurell K. Hamilton,3.980769230769231
Lauren  Levin,3.62
Lauren Bacall,3.95
Lauren Henderson,3.63
Lauren Slater,3.88
Lauren Stringer,3.9
Lauren Weisberger,3.5700000000000003
Lauren Willig,3.91
Laurence L. Brunton,4.29
Laurence Olivier,3.69
Laurence Sterne,3.74
Laurence Yep,3.706666666666667
Laurent de Brunhoff,3.82
Laurie Garrett,4.12
Laurie Halse Anderson,4.055
Laurie Notaro,3.8633333333333333
Lavigne,3.8
Lawrence Block,3.922222222222222
Lawrence Durrell,4.040000000000001
Lawrence Lessig,3.94
Lawrence M. Friedman,3.86
Lawrence M. Krauss,3.83
Lawrence M. Lasher,4.0
Lawrence Otis Graham,3.835
Lawrence Sanders,3.902
Lawrence Watt-Evans,3.71
Le Ly Hayslip,3.96
Leah Bendavid-Val,4.24
Lee Charles Kelley,3.7725
Lee Child,4.12125
Lee Seldes,3.87
Legs McNeil,4.16
Leigh Nichols,3.83
Leil Lowndes,3.78
Lennard Zinn,4.29
Lennart Hellsing,3.0
Leo Strauss,4.17
Leo Tolstoy,4.059565217391304
Leon Sciaky,4.13
Leon Uris,3.94
Leonard  Orr,3.92
Leonard Cottrell,3.89
Leonard Michaels,3.86
Leonard Sweet,3.25
Leonard Woolf,3.81
Leonardo Padura,3.72
Leonardo da Vinci,4.010000000000001
Leonore Fleischer,3.87
Lerone Bennett Jr.,4.44
Les Beletsky,4.48
Les Standiford,4.03
Lesley Glaister,3.8
Leslie Gross Portney,4.12
Leslie Kelly,3.59
Lester del Rey,3.79
Let's Go Inc.,3.93
Lewis B. Namier,3.11
Lewis Carroll,4.05
Lewis Perdue,3.66
Li Bai,4.14
Liam Callanan,3.38
Libba Bray,3.79
Library Company of Philadelphia,4.44
Lidia Matticchio Bastianich,4.19
Lilian Jackson Braun,3.9450000000000003
Lin Carter,3.5999999999999996
Lincoln Child,3.83
Linda  Anderson,3.44
Linda Francis Lee,3.62
Linda Glaser,3.64
Linda Hall,3.66
Linda Howard,3.93
Linda Jones,3.8
Linda Lael Miller,4.086
Linda Lay Shuler,4.03
Linda Lear,4.03
Linda Turner,3.57
Lindsey Davis,3.94
Lionel Trilling,3.51
Lisa Carey,3.77
Lisa Chaney,3.91
Lisa Gardner,4.093333333333334
Lisa Jackson,3.9
Lisa Lowe,4.0
Lisa McCourt,4.235
Lisa S.  French,4.0
Lisa See,3.835
Lisa Trumbauer,4.33
Lisa Unger,3.68
Lisa Wheeler,4.07
Lisa Whelchel,3.93
Livy,4.14
Liz Carlyle,3.84
Liz Palika,3.57
Liza Dalby,4.0
Lizzie Collingham,3.9
Lloyd Alexander,4.054
Lloyd P. Gerson,4.36
Logan Swanson,3.25
Lois Beckwith,4.03
Lois Gladys Leppard,3.925
Lois H. Gresh,3.42
Lois Lenski,3.5925000000000002
Lois Lowry,3.9
Lois N. Magner,4.53
Lolita Files,3.79
Lonely Planet,2.62
Lonn M. Friend,3.58
Lora Leigh,4.17
Lord Dunsany,3.94
Loree Lough,3.78
Lori Avocato,3.98
Lori Foster,3.73
Lori Fulton,3.64
Lorna Landvik,3.822
Lorrie Moore,4.033333333333334
Lotte H. Eisner,4.16
Lou Marinoff,3.41
Lou Priolo,4.25
Louann Brizendine,3.83
Louis Begley,3.66
Louis E. Catron,3.67
Louis L'Amour,4.07
Louis Menand,4.07
Louis P. Pojman,3.94
Louis Sachar,3.94625
Louis de Bernières,4.07
Louis-Ferdinand Céline,4.23
Louisa May Alcott,3.9533333333333336
Louise Bates Ames,3.86
Louise Borden,4.11
Louise DeSalvo,4.27
Loung Ung,4.35
Luanne Rice,4.06
Lucas Carlson,3.84
Lucille Colandro,3.85
Ludovico Ariosto,4.125
Ludwig Wittgenstein,4.166
Luigi  Barzini,3.79
Luigi Barzini,3.83
Luigi Pirandello,3.9285714285714284
Luis Fernando Verissimo,3.81
Luis Sepúlveda,4.016666666666667
Luis Vélez de Guevara,3.06
Luke Davies,4.09
Luke Welling,3.96
Lyle Saxon,4.04
Lyman S. Spitzer Jr.,4.25
Lyn Macdonald,4.26
Lynda Barry,4.16
Lynda La Plante,3.92
Lynda Madison,4.16
Lynda Milligan,4.285
Lynn Keller,4.4
Lynn Kurland,4.09
Lynn Setzer,3.71
Lynn Willis,3.71
Lynne Ann DeSpelder,3.77
Lynne Rae Perkins,3.34
Lynne Truss,3.74
Lynnette Khalfani,3.74
Lynsay Sands,4.025833333333334
M. John Harrison,3.6
M. Scott Peck,4.015
M.C. Beaton,3.811111111111111
M.J. Trow,3.57
M.M. Kaye,4.112857142857143
Madeleine Brent,4.154999999999999
Madeleine L'Engle,4.032222222222222
Maeve Binchy,3.8316666666666666
Maggie Black,3.93
Maggie Shayne,4.25
Maile Meloy,3.6
Maki Murakami,3.99
Makoto Inoue,4.57
Malcolm Barber,3.84
Malcolm Gladwell,3.9400000000000004
Malcolm Godwin,3.48
Malcolm Lowry,3.79
Malcolm X,4.46
Malvina G. Vogel,4.316666666666666
Mamiko Murakami,3.54
Mandy Aftel,4.09
Mansur Abdulin,4.1
Manuel Rivas,3.36
Manuela Soares,3.62
Mao Zedong,4.2
Marc Andreyko,3.9
Marc Bloch,4.05
Marc Eliot,3.85
Marc J.  Seifer,3.78
Marc Platt,3.22
Marcel Proust,4.2894736842105265
Marcella Hazan,4.32
Marcia Angell,3.95
Marco Polo,3.58
Marcus Aurelius,4.23
Marcus J. Borg,4.125
Marcus Tullius Cicero,3.96
Marcy Kelman,3.68
Margaret  Rose,3.32
Margaret A. Weitekamp,3.82
Margaret Atwood,3.9125
Margaret Bertha Synge,3.5
Margaret Cho,3.69
Margaret Feinberg,4.36
Margaret George,4.163333333333333
Margaret Hodges,4.18
Margaret Johnson,3.41
Margaret MacMillan,4.08
Margaret Mitchell,4.29
Margaret Peterson Haddix,4.02
Margaret Sanborn,3.96
Margaret Shepherd,3.58
Margaret Sidney,3.975
Margaret Thaler Singer,3.95
Margaret Truman,3.676666666666667
Margaret Weis,3.835277777777778
Margaret Weiss,3.4
Margaret Wise Brown,3.925
Margery Clark,4.37
Margery Facklam,3.78
Margo Daly,3.93
Margo Maine,3.57
Margot Adler,4.02
Margot Theis Raven,4.0
Marguerite Duras,3.71625
Marguerite Henry,4.05
Marguerite Yourcenar,4.25
Mari Mancusi,3.7900000000000005
Maria Antonia Garcés,3.14
Maria Coffey,3.88
Maria Skobtsova,4.31
Marian Keyes,3.7864705882352943
Marianna Mayer,4.140000000000001
Marianne Sturman,3.73
Marianne Williams,3.72
Marianne Williamson,4.28
Marie McSwigan,3.97
Mariel Hemingway,3.89
Marilyn Herbert,4.0
Marilyn Johnson,3.41
Marilyn Manson,3.89
Marilyn Sadler,3.87
Marilynne Robinson,3.82
Marina Belozerskaya,3.53
Mario Puzo,3.8250000000000006
Mario Vargas Llosa,3.92
Marion Crawford,4.03
Marion Woodman,4.24
Marion Zimmer Bradley,3.99
Marisabina Russo,4.13
Marisha Pessl,3.71
Marissa Moss,4.015
Marjane Satrapi,4.0525
Marjorie Garber,4.38
Marjorie Weinman Sharmat,3.72
Mark      Stevens,3.97
Mark  Hunter,3.36
Mark Allen Weiss,3.8600000000000003
Mark Bailey,3.9
Mark Behr,3.8
Mark Bittman,3.94
Mark Bowden,4.140000000000001
Mark Cahill,4.13
Mark Cohen,3.67
Mark Crispin Miller,3.56
Mark Dunn,3.85
Mark Epstein,3.9450000000000003
Mark Fainaru-Wada,3.81
Mark Haddon,3.7542857142857144
Mark Harlan,3.82
Mark Helprin,3.5
Mark Hertsgaard,4.16
Mark Hoppus,4.39
Mark Kermode,4.43
Mark Kurlansky,3.8122222222222226
Mark LeVine,2.5
Mark Lewisohn,4.39
Mark Leyner,3.55
Mark Manning,3.96
Mark Mazower,4.27
Mark Mittelberg,3.75
Mark Nepo,4.31
Mark Nesbitt,4.03
Mark O'Shea,4.0
Mark Rothko,3.84
Mark S. Smith,4.03
Mark Shepard,3.62
Mark Smylie,4.055
Mark Stevens,4.11
Mark Steyn,4.13
Mark T. Conard,3.75
Mark Twain,3.9693548387096773
Mark Vonnegut,3.87
Mark Waid,3.7416666666666667
Mark Wigan,3.62
Mark Yarnell,4.04
Mark Z. Danielewski,3.8625
Mark Zwonitzer,4.28
Markus Zusak,3.872
Marlene Targ Brill,3.96
Marlo Morgan,3.79
Marsha Collier,3.5825
Marshall McLuhan,4.036666666666666
Marshall Sahlins,3.7975000000000003
Marta Acosta,3.695
Martha Grimes,3.825
Martha Hailey DuBose,4.33
Martha Heineman Pieper,3.91
Marthe Le Van,4.23
Martin  Gilbert,4.225
Martin Amis,3.5236363636363635
Martin E.P. Seligman,3.975
Martin Fowler,4.24
Martin Gardner,4.06
Martin H. Greenberg,3.5500000000000003
Martin Heidegger,4.234999999999999
Martin Luther King Jr.,4.35
Martin Millar,3.51
Martin S. Fridson,3.91
Martin Woodside,3.97
Martine Agassi,4.04
Marvin Kaye,3.95
Marvin N. Olasky,3.15
Mary  Pacios,3.5
Mary  Stewart,4.057777777777777
Mary Alice Monroe,4.2
Mary Anna Evans,4.03
Mary Ashworth,3.4
Mary B. Collins,2.93
Mary B. Morrison,4.38
Mary Balogh,3.83
Mary Burton,3.81
Mary Daly,3.84
Mary Doria Russell,4.079999999999999
Mary Downing Hahn,4.07
Mary Ellen Snodgrass,3.5
Mary Engelbreit,4.37
Mary Gaitskill,3.64
Mary Gordon,3.69
Mary Higgins Clark,3.728
Mary Jane Maffini,4.0
Mary K. Baxter,4.18
Mary Karr,3.93
Mary Kay Andrews,3.99
Mary Lawson,3.88
Mary M. Flekke,3.0
Mary McBride,4.1
Mary McCarthy,3.66
Mary O'Neill,4.31
Mary Oliver,4.36
Mary Pope Osborne,4.015
Mary Roach,3.82
Mary S. Lovell,3.995
Mary Walton,3.95
Mary Westmacott,4.18
Mary Wollstonecraft Shelley,3.79
MaryAnn F. Kohl,4.24
MaryJanice Davidson,3.81
Maryam Riess,3.4
Masakazu Katsura,3.75
Masaki Yamada,3.97
Masamune Shirow,4.036666666666666
Matt Braun,3.535
Matt Christopher,3.89
Matt Keefe,3.85
Matt Ridley,3.9766666666666666
Matt Riser,4.36
Matt Wagner,4.08
Matthew Barber,3.61
Matthew Bortolin,4.03
Matthew J. Gibney,3.55
Matthew Kneale,4.06
Matthew Pearl,3.38
Matthew Scully,4.16
Matthew Woodring Stover,4.14
Maud Hart Lovelace,4.148
Maureen Child,3.6
Maureen Johnson,3.55
Maureen Kelly,3.95
Maurice Merleau-Ponty,4.15
Maurice Sendak,4.22
Mavis Applewater,3.86
Max Allan Collins,3.7520000000000002
Max Barry,3.7566666666666664
Max Beerbohm,3.88
Max Brooks,4.01
Max Eilenberg,4.37
Max Frisch,3.74
Max Lucado,4.25
Maxim Gorky,3.96
Maxine Hong Kingston,3.73
Maxine Swann,3.2
Maxwell Mackenzie,3.83
Maya Angelou,4.354285714285714
Maya Gold,3.8
Mayu Shinjō,4.203333333333333
McDougal Littell,2.0
Meg Cabot,3.7366666666666664
Megan McDonald,4.075
Megan Whalen Turner,4.055
Mel Odom,3.67
Melania G. Mazzucco,3.77
Melanie Rawn,3.82
Melinda Curtis,3.6
Melinda Haynes,3.69
Melinda Long,4.08
Melissa Kantor,3.66
Melissa M. Garcia,4.67
Melissa Wiley,4.15
Melissa de la Cruz,3.8166666666666664
Meljean Brook,3.53
Melody Carlson,3.49
Melody Malmberg,4.32
Mercedes Lackey,4.002750000000001
Mercer Mayer,4.62
Meredith Daneman,4.03
Meredith Fletcher,3.72
Merlin Donald,4.16
Merlin Holland,4.04
Merline Lovelace,3.61
Mervyn Peake,4.09
Mian Mian,3.32
Miasha,4.34
Michael      Casey,4.67
Michael     Lewis,3.75
Michael   Barber,3.72
Michael   Lewis,3.9916666666666667
Michael  Howard,4.01
Michael  Wood,4.54
Michael A. Stackpole,3.88
Michael Azerrad,4.18
Michael B. Oren,3.98
Michael Baur,3.63
Michael C. Feathers,4.14
Michael C.J. Putnam,3.71
Michael Chabon,3.7079999999999997
Michael Connelly,4.133529411764705
Michael Craft,3.8175
Michael Crichton,3.7933333333333334
Michael Cunningham,3.745
Michael D. Coe,4.03
Michael D. Lyman,4.005
Michael D. Oates,3.39
Michael Dorris,3.86
Michael E. Doyle,4.26
Michael Eliot Howard,4.09
Michael Ende,4.13
Michael F. Roizen,3.74
Michael Gray,4.27
Michael H. Jackson,3.88
Michael Hanlon,3.6
Michael Herr,4.23
Michael J. Bradley,4.29
Michael J. Davey,3.61
Michael J. Gelb,3.85
Michael J. Lyons,3.9
Michael J. Mauboussin,4.09
Michael J. Nelson,3.7675
Michael Jan Friedman,3.71
Michael Jecks,4.08
Michael K. Brett-Surman,4.15
Michael Korda,3.87
Michael Koryta,3.89
Michael L. Perlis,4.05
Michael Littlefield,4.62
Michael Marshall Smith,4.085
Michael Moorcock,3.8619999999999997
Michael Morpurgo,3.895
Michael Munn,3.97
Michael Neill,4.14
Michael Nelson,4.0
Michael O. Tunnell,4.22
Michael Ochs,3.85
Michael Ondaatje,3.57
Michael Parenti,4.17
Michael Pollan,4.06
Michael R. French,4.17
Michael R. Phillips,4.33
Michael Rabiger,4.23
Michael S.  Smith,4.17
Michael S. Reynolds,4.17
Michael Shaara,4.32
Michael Spring,3.67
Michael Streissguth,3.79
Michael Swanwick,3.69
Michael Syvanen,4.0
Michael T. Goodrich,3.83
Michael Teitelbaum,4.21
Michael Vitez,4.16
Michael W. Dean,3.49
Michael Wharton,3.25
Michaela Muntean,3.9
Michel Faber,3.89
Michel Foucault,4.053333333333334
Michel de Montaigne,4.162000000000001
Michela Wrong,3.99
Michele K. Spike,3.68
Michelle Feynman,4.31
Michelle Lovric,3.955
Michelle Sagara,3.95
Michelle Tea,3.52
Michio Kaku,4.135
Michka Assayas,3.95
Micol Ostow,3.41
Middlesex Borough Heritage Committee,5.0
Miep Gies,4.29
Miguel Serrano,4.02
Miguel de Cervantes Saavedra,3.8311111111111114
Mikal Gilmore,3.74
Mike   Mason,3.58
Mike  Davis,4.015000000000001
Mike  Rowe,3.92
Mike Ashley,3.77
Mike Carey,4.24
Mike Kennedy,3.35
Mike Lupica,3.98
Mike Mason,4.46
Mikhail Bakhtin,4.34
Mikhail Bakunin,3.77
Mikhail Bulgakov,4.3
Mikhail Tal,4.535
Milan Kundera,3.904
Milan Trenc,3.91
Miles J. Stanford,4.2
Mimi Dietrich,4.25
Mina Loy,4.17
Mine Yoshizaki,4.23
Mineko Iwasaki,3.93
Minette Walters,3.7016666666666667
Minfong Ho,4.03
Mira Nair,4.05
Mircea Eliade,4.091666666666667
Miriam Toews,3.65
Miroslav Sasek,4.29
Miroslav Volf,4.27
Misao Inagaki,3.63
Mistress Lorelei,3.76
Mitali Perkins,3.82
Mitch Albom,4.032
Mitchel Resnick,3.86
Miyamoto Musashi,4.07
Mollie Hunter,3.82
Molly Bang,3.74
Molly C. Lee,3.5
Molly Hatchet,4.33
Mona Lisa Schulz,3.93
Monica Ali,3.0650000000000004
Monica Drake,3.39
Monica Furlong,4.15
Monica Kulling,4.28
Monique Truong,3.52
Monte Cook,4.2
Monty Roberts,4.12
Morag McKendrick Pippin,3.455
Muhammad Yunus,4.09
Mulk Raj Anand,3.71
Murasaki Shikibu,3.7300000000000004
Muriel Spark,3.79
Murray Sayle,4.72
Murray Smith,4.03
Myla Goldberg,3.27
Mymi Doinet,2.0
Mystery,3.7
NOT A BOOK,4.386
Nadeem Aslam,3.78
Nadine Cohodas,3.96
Naguib Mahfouz,4.01375
Nancy   Harding,3.08
Nancy Bartholomew,3.69
Nancy Conrad,4.08
Nancy Cote,3.98
Nancy Friday,3.68
Nancy Hall,4.37
Nancy Holyoke,4.14
Nancy L. Mace,4.24
Nancy M. Armstrong,3.45
Nancy MacDonell Smith,3.43
Nancy Milford,4.01
Nancy Osa,3.45
Nancy Tillman,4.36
Nancy Verde Barr,3.42
Nancy White Carlstrom,3.72
Naomi Novik,3.9699999999999998
Naomi Wolf,3.89
Napoleon Hill,4.18
Narendra Jadhav,3.82
Narise Konohara,3.73
Nassim Nicholas Taleb,4.06
Natalie Babbitt,3.87
Natalie Goldberg,4.19
Nathan Englander,3.795
Nathaniel Hawthorne,3.4722222222222223
Nathaniel Philbrick,4.015000000000001
National Commission on Terrorist Attacks Upon The United States,3.6
National Geographic Society,4.24
Natsuo Kirino,3.8833333333333333
Nayantara Sahgal,2.98
Neal Barrett Jr.,2.96
Neal Stephenson,3.9321428571428574
Neale Donald Walsch,4.173333333333333
Ned Vizzini,3.9033333333333338
Neil Cole,3.88
Neil Gaiman,4.1916
Neil LaBute,3.56
Neil Strauss,3.845
Neil deGrasse Tyson,4.096666666666667
Nella Larsen,3.89
Nelson DeMille,3.8854545454545457
Nelson Mandela,4.33
Nevil Shute,3.94
New Scientist,3.52
Newt Scamander,3.99
Nextext,3.5
Ngawang Pelzang,4.61
Niccolò Machiavelli,3.81
Nicholas    Evans,5.0
Nicholas A. Basbanes,3.96
Nicholas Christopher,3.3
Nicholas Dawidoff,4.24
Nicholas Dodman,4.08
Nicholas Evans,4.06
Nicholas Humphrey,3.61
Nicholas Johnson,3.72
Nicholas P. White,3.67
Nicholas Sparks,3.998333333333333
Nicholas Wright,4.02
Nicholson Baker,3.4524999999999997
Nick  Webb,4.14
Nick Cook,4.12
Nick Flynn,4.02
Nick Hornby,3.704444444444445
Nick Lane,4.24
Nick Rennison,4.26
Nick Tosches,3.6450000000000005
Nicola Davies,4.13
Nicolas Tredell,3.96
Nicole Krauss,3.625
Nigel Findley,3.54
Nigel Tranter,3.93
Nigel Warburton,3.865
Nigella Lawson,4.018
Nikki Giovanni,4.343333333333333
Nikki Stafford,4.13
Nikola Tesla,4.07
Nikolai Gogol,4.086666666666667
Nikos Kazantzakis,4.16
Nina Bangs,3.75
Nir Hefez,3.72
Noah Eli Gordon,4.32
Noah Gordon,3.934
Noam Chomsky,3.9244444444444446
Nobuhiro Watsuki,4.38
Noel Malcolm,4.07
Noel Streatfeild,3.8659999999999997
Noire,4.39
Nora Ephron,3.643333333333333
Nora Kelly,3.7
Nora Roberts,4.014375
Norah Vincent,3.33
Norma Goldman,4.220000000000001
Norman Davies,4.17
Norman Kolpas,3.88
Norman L. Geisler,3.31
Norman Maclean,4.1433333333333335
Norman Mailer,3.62
Norman Rush,3.755
Norman Schwarzkopf,4.04
Norman Sherry,4.11
Norton Juster,4.072
Nuala O'Faolain,3.24
Núria Roca,3.82
O. Henry,4.205
Octavio Paz,4.215999999999999
Oh! Great,4.03
Oliver Ho,3.99
Oliver Sacks,4.1
Open City Magazine,0.0
Orhan Pamuk,3.714
Orlando Figes,4.31
Orson Scott Card,3.7939999999999996
Oscar Hijuelos,3.645
Oscar Wilde,4.09375
Otis Williams,4.19
Overeaters Anonymous,4.36
Ovid,4.202222222222222
Owen    Jones,3.46
Owen  Thomas,3.95
P.C. Cast,4.048
P.D. Eastman,4.155
P.D. James,3.9084615384615384
P.G. Wodehouse,4.164565217391305
P.J. O'Rourke,4.01
P.J. Parrish,4.046
P.J. Tracy,4.12
P.N. Furbank,4.14
P.T. Deutermann,3.8866666666666667
Pablo Neruda,4.337777777777777
Paco Underhill,3.6
Padraic Colum,3.9
Page McBrier,4.25
Pam Johnson-Bennett,4.06
Pam Muñoz Ryan,3.97
Pamela Ball,3.68
Pamela Duncan Edwards,3.76
Pamela F. Service,4.25
Pamela Peeke,3.65
Pansy,4.04
Paola Cavalieri,4.05
Paola Nanni-Tate,4.0
Paramahansa Yogananda,4.343333333333334
Paschal Beverly Randolph,3.85
Pat Barker,4.38
Pat Conroy,4.180000000000001
Pat Frank,4.08
Pat Harrigan,4.05
Pat Williams,3.7
Patricia A. McKillip,3.9250000000000003
Patricia B. McConnell,4.33
Patricia Cornwell,3.869285714285714
Patricia D. Netzley,3.6
Patricia Daniels Cornwell,4.02
Patricia Hall,3.48
Patricia Highsmith,3.78
Patricia Justine Tumang,4.43
Patricia McHugh,3.89
Patricia Schultz,3.85
Patricia Thomas,4.39
Patrick Larkin,3.98
Patrick Lencioni,4.045
Patrick Marnham,4.08
Patrick McGrath,3.4699999999999998
Patrick Nobes,3.91
Patrick O'Brian,4.332142857142857
Patrick Robinson,3.99625
Patrick Süskind,3.8814285714285712
Patti   Davis,3.82
Patti Kelley Criswell,4.26
Paul       Davidson,3.61
Paul  Collins,3.98
Paul  Kirk,3.94
Paul A. Sabatier,3.21
Paul Alexander,3.92
Paul Anthony Cartledge,3.86
Paul Auster,3.8381250000000002
Paul Belien,4.14
Paul Bowles,3.9271428571428575
Paul Brooks,3.95
Paul Burrell,3.64
Paul Coughlin,3.77
Paul Crilley,3.65
Paul Cronin,4.45
Paul Davies,3.82
Paul De Man,4.12
Paul DuBois,4.0
Paul Farmer,4.17
Paul Findley,4.07
Paul Galdone,3.74
Paul Glovinsky,3.93
Paul Graham,4.05
Paul Hendrickson,3.9633333333333334
Paul J. Mikol,4.01
Paul Karasik,3.93
Paul Kengor,4.23
Paul Krugman,3.89
Paul La Farge,3.615
Paul M. Fishbane,3.78
Paul Murray,3.6
Paul Negri,4.02
Paul Pearsall,4.01
Paul Perry,3.86
Paul Pitchford,4.41
Paul Robert Magocsi,4.43
Paul Ruditis,3.95
Paul Schrader,4.12
Paul Strathern,3.23
Paul Theroux,3.96
Paul Yee,3.27
Paula Danziger,3.856666666666667
Paula J. Caplan,3.88
Paula S. Fass,3.76
Paule Marshall,4.07
Pauline Francis,3.76
Pauline Kael,4.265000000000001
Pauline Réage,3.32
Paulo Coelho,3.6664285714285714
Pavel Tsatsouline,4.0
Pearl Cleage,3.73
Pearl S. Buck,3.988571428571429
Pearson Scott Foresman,4.13
Pedro Calderón de la Barca,3.9375
Peg Kerr,3.67
Peggy Parish,4.246666666666667
Penelope Fitzgerald,3.7700000000000005
Penny Jordan,2.92
Pete Hautman,3.73
Pete McCarthy,3.8
Peter     Brown,4.08
Peter  Dale,0.0
Peter  Stone,4.22
Peter  Van Houten,3.6
Peter A. Lillback,4.18
Peter Abrahams,3.5566666666666666
Peter Ackroyd,3.99
Peter Biskind,4.12
Peter Blegvad,4.16
Peter Carey,3.43
Peter Conn,4.17
Peter Cozzens,4.17
Peter D'Epiro,3.77
Peter D. Schiff,3.78
Peter David,3.26
Peter Doggett,4.0
Peter Elkind,3.78
Peter F. Hamilton,4.148000000000001
Peter G. Bolt,3.89
Peter Haining,3.99
Peter Hamilton,4.36
Peter Handke,3.27
Peter Hessler,4.18
Peter J. D'Adamo,3.57
Peter J. Smith,3.53
Peter Kent,3.79
Peter Kreeft,4.335
Peter Kuper,3.79
Peter M. Robinson,3.7
Peter Martins,4.01
Peter Maurice Wright,3.73
Peter Mayle,3.905
Peter Menzel,4.44
Peter Milligan,3.97
Peter Moon,3.89
Peter Olafson,4.29
Peter R.L. Brown,4.27
Peter Reinhart,4.28
Peter Robinson,4.13
Peter S. Beagle,4.096666666666667
Peter Singer,4.053333333333334
Peter Straub,3.795
Peter Tallack,4.05
Peter Tremayne,4.05
Peter Turchin,4.16
Peter Walsh,3.85
Peter Watson,4.26
Peter Woit,3.93
Phil Brucato,3.45
Phil Town,4.02
Philip Caputo,3.94
Philip Dutre,4.5
Philip Ellis Wheelwright,4.04
Philip Gourevitch,4.24
Philip J. Ivanhoe,3.99
Philip Johnson,4.0
Philip José Farmer,3.675
Philip K. Dick,3.989375
Philip K. Howard,3.91
Philip Levine,4.24
Philip Nel,3.58
Philip Norman,4.03
Philip Plait,4.04
Philip Pullman,3.9984615384615383
Philip Roth,3.751052631578947
Philip Thody,3.58
Philip Zaleski,3.5
Philippa Carr,3.98
Philippa Gregory,3.6466666666666665
Philippa Pearce,4.07
Phillip C. McGraw,3.56
Phillip Glasier,4.31
Phillip Lopate,4.03
Phillip Margolin,3.91
Phoebe Dunn,3.86
Phyllis A. Bird,3.8
Phyllis Reynolds Naylor,4.074999999999999
Pierdomenico Baccalario,3.965
Pierre Boulle,3.95
Pierre Hadot,4.19
Piers Anthony,3.716666666666667
Pimsleur Language Programs,4.23
Pindar,4.015000000000001
Plato,4.001538461538461
Plotinus,4.289999999999999
Plum Sykes,3.28
Polly Horvath,3.72
Poppy Z. Brite,3.75
Preston Peet,3.74
Prima Publishing,3.98
Primo Levi,4.228
Python Bonkers,3.56
Qiu Xiaolong,3.77
Queen Latifah,4.06
Quentin Bell,4.17
Quentin Blake,4.0
Quentin Carter,4.449999999999999
Quentin Skinner,4.046666666666667
Quentin W. Fleming,3.77
Quincy Jones,4.09
R. Gary Patterson,3.72
R. McL. Wilson,5.0
R. Scott Bakker,3.9400000000000004
R. de Roussy de Sales,3.85
R.A. Salvatore,4.18
R.B. Bernstein,4.01
R.C. Sproul,4.34
R.F. Laird,4.23
R.K. Narayan,4.21
R.L. Stine,3.88
R.R. Palmer,2.0
Rachel Caine,3.94
Rachel Carson,4.055
Rachel Cohn,3.645
Rachel Field,3.86
Rachel Klein,3.49
Rachel Lichtenstein,3.85
Rachel Ryan,3.606666666666667
Rachel Simon,3.76
Radcliffe G. Edmonds III,3.75
Radclyffe,4.21
Raeleen D'Agostino Mautner,3.76
Raina Telgemeier,4.17
Rajiv Chandrasekaran,4.02
Ralph C. Wood,4.09
Ralph Ellison,3.86
Ralph Ginzburg,4.61
Ram Dass,4.18375
Ramsey Campbell,3.73
Randall Hyde,3.92
Randall Kenan,3.76
Randy Alcorn,4.175
Randy Cerveny,3.17
Randy Leffingwell,4.14
Randy Shilts,4.37
Raph Koster,3.94
Ravi Zacharias,3.95
Ray Bradbury,4.0329411764705885
Ray McAllister,3.94
Ray Monk,4.36
Ray Oldenburg,3.83
Raymond Carver,4.2775
Raymond Chandler,4.239
Raymond E. Feist,4.084615384615384
Raymond Queneau,3.8980000000000006
Raymond T. McNally,3.6950000000000003
Raynold Gideon,4.32
Reader's Digest Association,4.405
Rebecca  Brown,4.09
Rebecca  Wood,4.2
Rebecca Aberg,3.53
Rebecca Coffey,4.25
Rebecca Goldstein,3.92
Rebecca Hagan Lee,4.14
Rebecca J. Donatelle,3.58
Rebecca Solnit,4.0925
Rebecca St. James,4.12
Rebecca West,4.23
Rebecca York,3.825
Reduced Shakespeare Company,4.44
Reed Martin,4.13
Reginald Hill,3.84
Reinaldo Arenas,4.078
Reinhold Messner,3.93
Rene Gutteridge,3.61
Renee Baron,3.82
René Descartes,3.71
Retha M. Warnicke,3.96
Rex Pickett,3.69
Reynolds Price,3.8699999999999997
Reza Aslan,4.12
Rheta Grimsley Johnson,3.72
Ricardo Piglia,3.9579999999999997
Ricardo Semler,4.17
Rich Wulf,3.78
Richard   Preston,3.8333333333333335
Richard  Adams,3.8871428571428575
Richard A. Hawley,3.99
Richard A. Knaak,3.8636363636363638
Richard A. Lupoff,3.29
Richard A. Posner,3.84
Richard B. Alley,3.98
Richard B. Lee,3.58
Richard B. Primack,3.92
Richard B. Sewall,4.29
Richard Bach,3.915
Richard Bachman,3.8620000000000005
Richard Bausch,4.18
Richard Bonson,4.06
Richard Brautigan,4.1175
Richard Brzezinski,3.56
Richard Buskin,3.73
Richard Buxton,4.24
Richard Corliss,3.89
Richard Curtis,3.94
Richard D. Bartlett,3.8
Richard D. Nelson,4.0
Richard Dawkins,4.022
Richard Dooling,3.94
Richard E. Neustadt,3.77
Richard Ellmann,4.24
Richard Fariña,3.8
Richard Flanagan,3.69
Richard Ford,3.825
Richard Freeborn,3.76
Richard Gott,4.06
Richard H. Minear,4.16
Richard Hanley,3.82
Richard Hofstadter,3.89
Richard Hollis,4.0
Richard Johnsonbaugh,4.07
Richard K. Morgan,3.6166666666666667
Richard Kern,3.84
Richard Klein,3.81
Richard Llewellyn,4.18
Richard M. Rorty,4.01
Richard M. Weaver,4.15
Richard Matheson,3.938888888888889
Richard Nelson Bolles,3.7
Richard Olney,3.75
Richard P. Feynman,4.399333333333333
Richard Paige,3.95
Richard Paul Russo,3.475
Richard Peck,3.9433333333333334
Richard Platt,3.8499999999999996
Richard Powers,3.725
Richard Preston,4.12
Richard Proenneke,4.42
Richard R. George,4.165
Richard Reeves,3.96
Richard Rhodes,3.9899999999999998
Richard Russell Lawrence,3.57
Richard Russo,3.936666666666666
Richard Seymour Hall,4.39
Richard Shenkman,3.47
Richard Slotkin,4.3
Richard Stapleford,4.0
Richard V. Greene,3.7
Richard W. Bulliet,3.035
Richard W. Wrangham,4.03
Richard Wilhelm,4.19
Richard Wright,4.135
Richmond Lattimore,4.15
Rick Barba,4.04
Rick Bass,3.8200000000000003
Rick Decker,4.0
Rick Hicks,3.36
Rick Moody,3.228
Rick Osborne,0.0
Rick Riordan,4.266
Rick Steves,4.24
Rick Warren,4.14
Riki Anne Wilchins,3.95
Roald Dahl,4.061707317073171
Rob Bell,3.78
Rob Humphreys,3.75
Rob Kidd,3.9219999999999997
Rob Orsini,3.48
Rob Thomas,3.63
Rob Williams,3.94
Robb Forman Dew,3.16
Robbie Stamp,3.9
Robert   Harris,3.82
Robert  Evans,3.92
Robert  Hamburger,4.0
Robert  Mayer,3.48
Robert A. Caro,4.51
Robert A. Dahl,3.635
Robert A. Harris,4.0
Robert A. Heinlein,3.9177777777777774
Robert A. Johnson,4.04
Robert A. Nye,4.36
Robert A. Weiss,0.0
Robert A.M. Stern,4.44
Robert Anton Wilson,4.045
Robert Arp,3.43
Robert Arthur,3.84
Robert B. Baer,3.93
Robert B. Cialdini,4.19
Robert B. Parker,3.973333333333333
Robert Bauval,3.94
Robert Benedetti,3.65
Robert Bogdan,3.88
Robert Boyle,3.0
Robert Brent Toplin,3.44
Robert Bringhurst,4.24
Robert C. O'Brien,3.66
Robert Coles,4.43
Robert Crais,4.14
Robert Cullen,4.01
Robert D. Kaplan,4.004
Robert D. Putnam,3.793333333333333
Robert D. Richardson Jr.,4.25
Robert D. Siegel,4.21
Robert Dallek,4.07
Robert E. Hemenway,4.1
Robert E. Howard,4.3149999999999995
Robert Egan,4.0
Robert F. Kennedy Jr.,4.08
Robert Ferrigno,3.76
Robert Frost,4.28
Robert Fulghum,4.03
Robert G. Hagstrom,4.13
Robert Goddard,3.71
Robert Graves,4.04
Robert Greene,4.22
Robert Hellenga,3.5566666666666666
Robert Hutchinson,4.14
Robert Irwin,3.7800000000000002
Robert J. Allison,3.62
Robert J. Milch,4.2
Robert J. Ray,3.67
Robert Jordan,4.10625
Robert Kanigher,4.335
Robert Kirkman,4.16
Robert L. Geneve,3.83
Robert L. O'Connell,4.02
Robert L. Wolke,3.86
Robert Louis Stevenson,3.9539999999999997
Robert Ludlum,3.839
Robert M. Pirsig,3.725
Robert M. Price,3.75
Robert M. Sapolsky,4.21
Robert Mason,4.09
Robert McCloskey,4.17
Robert Munsch,4.0
Robert Musil,3.73
Robert Nye,3.685
Robert P. Miles,4.07
Robert Paul Wolff,3.74
Robert Penn Warren,4.0475
Robert Polito,4.37
Robert R. McCammon,4.061
Robert Robinson,4.33
Robert Sabuda,4.33
Robert Scoble,3.72
Robert Sedgewick,4.16
Robert Shapard,3.8
Robert Silverberg,3.9
Robert Sokolowski,3.98
Robert Stock,3.12
Robert Templer,3.49
Robert Todd Carroll,4.02
Robert W. Harris,3.21
Robert W. Strayer,3.44
Robert X. Cringely,4.01
Roberta Gellis,3.87
Roberta Grobel Intrater,3.69
Roberts Liardon,4.45
Robertson Davies,4.09
Robin  Davis,3.93
Robin Chapman Stacey,3.64
Robin Cook,3.75
Robin Hobb,4.066
Robin Landa,4.04
Robin Lane  Fox,4.19
Robin Lane Fox,3.91
Robin Maxwell,3.8
Robin McGraw,3.62
Robin McKinley,3.882307692307692
Robin Norwood,4.02
Robin P. Williams,3.73
Robin S. Sharma,3.83
Robin Wasserman,3.955
Robin Waterfield,3.98
Roddy Doyle,3.828181818181818
Roderick Townley,3.9
Rodman Philbrick,4.01
Rodney Stark,4.04
Roff Smith,3.8
Roger Ebert,4.11
Roger Hargreaves,4.0408333333333335
Roger Lancelyn Green,4.0
Roger Lowenstein,4.19
Roger Penrose,4.11
Roger Scruton,3.8
Roger Shattuck,3.92
Roger Zelazny,3.8525
Rohinton Mistry,4.17
Roland Barthes,3.91
Roland H. Bainton,4.08
Rolland Baker,4.46
Rolland Hein,3.93
Roméo Dallaire,4.24
Ron     Miller,3.76
Ron  Louis,3.76
Ron Chernow,4.166666666666667
Ron Marz,3.51
Ron Rash,4.0175
Ron Roy,4.08
Rona Sharon,3.9
Ronald B. Flowers,3.59
Ronald Hayman,3.67
Ronald J. Faust,3.67
Ronald L. DiSanto,3.72
Ronald Takaki,4.13
Ronda Thompson,3.91
Ronlyn Domingue,3.83
Rosa Montero,3.7800000000000002
Rosalind Laker,3.94
Rosalind M. Greenberg,3.38
Rosalind Miles,3.64
Rosamunde Pilcher,4.15
Rose A. Zimbardo,4.02
Rose Tremain,3.95
Rose Wilder Lane,3.96
Rosemary Wells,4.0
Rosetta James,3.9
Rosie Daley,3.04
Rosita Arvigo,4.13
Ross Garnaut,5.0
Ross Thomas,3.95
Rough Guides,3.89
Roy McKie,4.15
Roy Mottahedeh,4.08
Rubem A. Alves,4.43
Ruby Ann Boxcar,4.1
Ruby K. Payne,3.9
Rudolfo Anaya,3.77
Rudolph R. Windsor,4.31
Rudolph W. Giuliani,3.72
Rudyard Kipling,3.966666666666667
Rumer Godden,4.1049999999999995
Rumi,4.28
Rumiko Takahashi,4.1866666666666665
Rupa Bajwa,3.44
Russ Kick,3.87
Russell Banks,3.854
Russell Evans,3.46
Russell Hoban,4.126666666666666
Russell Roberts,3.745
Russell Shorto,4.14
Rusty Young,4.26
Ruth  Abbey,3.6
Ruth Downie,3.73
Ruth Heller,4.123333333333333
Ruth Krauss,4.24
Ruth Ozeki,3.9599999999999995
Ruth Prawer Jhabvala,3.55
Ruth Reichl,4.04
Ruth Rendell,3.64
Ruth S. Noel,3.98
Ruth Stiles Gannett,4.1
Ruth Westheimer,3.65
Ruud van der Rol,4.27
Ryōkan,4.58
Ryōtarō Shiba,3.76
Ryū Murakami,3.68
Ryūnosuke Akutagawa,4.13
S.E. Hinton,3.934
S.M. Stirling,4.06
Sabine C. Bauer,3.79
Sakurako Gokurakuin,3.55
Sally Potter,4.07
Sally Smith O'Rourke,3.37
Salman Rushdie,3.8058333333333336
Salvador Plascencia,4.09
Sam Bass Warner,3.58
Sam Harris,3.93
Sam Johnson,4.12
Sam Kauffmann,3.83
Sam R. Watkins,4.13
Sam Shepard,4.045
Sam Walton,4.15
Sam Weller,4.24
Samuel Beckett,4.055
Samuel Hynes,3.8
Samuel J. Leffler,4.26
Samuel Richardson,3.37
Samuel Taylor Coleridge,3.94
Sandra Balzo,3.61
Sandra Benítez,3.62
Sandra Boynton,4.225
Sandra Brown,3.75
Sandra Cisneros,3.8
Sandra Hack Polaski,3.96
Sandra Steffen,3.33
Sandra West Prowell,3.45
Sandy Petersen,4.266666666666667
Sang-Sun Park,3.88
Sanyika Shakur,3.97
Sara Barton-Wood,5.0
Sara Gruen,4.09
Sara Zarr,3.66
Sarah   Kay,3.46
Sarah Ban Breathnach,4.08
Sarah Dening,4.19
Sarah Dessen,3.97
Sarah Dunant,3.81
Sarah Fielding,2.63
Sarah Johnstone,3.98
Sarah K. Herz,4.01
Sarah M.  Anderson,3.68
Sarah Macdonald,3.53
Sarah Mayberry,3.71
Sarah Miller,3.39
Sarah Mlynowski,3.793333333333333
Sarah Susanka,4.07
Sarah Vowell,3.88
Sarvepalli Radhakrishnan,4.13
Satoru Kannagi,4.0175
Satosumi Takaguchi,3.8333333333333335
Satyajit Das,3.83
Saul A. Kripke,4.01
Saul Bellow,3.7857142857142856
Saul Leiter,4.73
Saul Steinberg,4.51
Saul Williams,4.22
Sayadaw U. Pandita,4.22
Scott   Cunningham,3.85
Scott  Freeman,3.97
Scott Adams,4.01
Scott Allie,3.82
Scott Beatty,4.29
Scott Donaldson,3.85
Scott Leonard,4.24
Scott MacMillan,3.52
Scott O'Dell,3.785
Scott Speck,4.01
Scott Turow,3.8177777777777777
Scott Westerfeld,3.7585714285714285
Scott Wetzler,4.03
Seamus Deane,3.73
Seamus Heaney,4.1000000000000005
Sean B. Carroll,4.07
Sean McMullen,3.61
Sean O'Brien,2.67
Sean Smith,3.73
Sean Stewart,3.84
Sebastian Faulks,3.7325
Sei Shōnagon,4.02
Selina Shirley Hastings,3.91
Selma G. Lanes,4.43
Sena Jeter Naslund,4.03
Sergio Ramírez,3.69
Seth Godin,3.98
Shana Abe,3.7175000000000002
Shannon Drake,3.78
Shannon Hengen,3.43
Shannon Holmes,4.03
Sharon Creech,3.92
Sharon Green,4.07
Sharon Kay Penman,4.27
Sharon Rose Wilson,3.75
Sharon Salzberg,4.24
Sharyn McCrumb,3.8
Sharyn November,3.94
Shaun Tomson,3.82
Shauna Singh Baldwin,3.89
Shayla Black,3.8449999999999998
Shel Silverstein,4.256
Shelby Foote,4.36
Shelley Klein,3.55
Sheri Lynch,3.71
Sheri Rose Shepherd,5.0
Sherman Alexie,3.98
Sherrilyn Kenyon,4.095
Sherry Gershon Gottlieb,4.5
Sherry Shahan,4.03
Sherwood Smith,4.19
Sheryl Feldman,4.07
Shifra Horn,3.69
Shirin Ebadi,4.14
Shirley Hazzard,3.89
Shirley Rousseau Murphy,4.22
Shiva Naipaul,3.89
Sholom Aleichem,4.215
Shūsaku Endō,3.9375
Sid Fleischman,3.57
Sidney Sheldon,3.81
Siegfried Engelmann,4.17
Sigmund Freud,3.82
Sigrid Nunez,3.85
Sigrid Undset,4.171818181818182
Silas House,4.056666666666667
Simon Anholt,3.69
Simon Cleveland,4.91
Simon Goldhill,3.814
Simon Perchik,4.25
Simon Schama,4.023333333333333
Simon Singh,4.27
Simon Wells,4.18
Simon Winchester,3.836
Simone Weil,4.04
Simone de Beauvoir,4.082
Simón Bolívar,3.84
Sinclair B. Ferguson,4.24
Sinclair Lewis,3.83125
Slavoj Žižek,3.8980000000000006
Snorri Sturluson,4.17
Solomon Jones,3.97
Sonallah Ibrahim,3.55
Sonny Brewer,3.93
Sophie Braimbridge,2.62
Sophie Kinsella,3.7425
Sophocles,3.9194736842105264
SparkNotes,3.6799999999999997
Spencer Johnson,3.79
Spider Robinson,4.31
Stacey Szklut,4.11
Stacy Horn,3.58
Stacy Schiff,4.02
Stan Berenstain,3.87
Stan Hoig,3.43
Stan Jones,3.77
Stan Lee,3.43
Stanislav Grof,4.0
Stanisław Lem,4.042857142857143
Stanley Bing,3.2800000000000002
Stanley Coren,3.99
Stanley Weintraub,3.6
Stanley Wiater,4.15
Starr Smith,3.93
Stefan Fatsis,3.82
Stefano Benni,3.71
Sten Nadolny,3.95
Stendhal,3.822
Stephanie Barron,3.86
Stephanie Laurens,4.015
Stephanie McCurry,3.69
Stephanie Rowe,3.98
Stephanie Spinner,3.51
Stephen  Booth,4.11
Stephen  Mansfield,3.29
Stephen Biesty,4.41
Stephen Briggs,4.15
Stephen Clarke,3.54
Stephen Coonts,3.82
Stephen Cox,4.45
Stephen Crane,3.43
Stephen Desberg,3.84
Stephen E. Ambrose,4.206
Stephen G. Kochan,3.96
Stephen Gaskin,3.89
Stephen Greenblatt,3.94
Stephen Hawking,4.134545454545455
Stephen Hunter,4.141666666666667
Stephen J. Burn,3.82
Stephen J. Cannell,3.855
Stephen J. Rosen,3.78
Stephen J. Sansweet,4.5
Stephen Jay Gould,4.036666666666666
Stephen King,4.003536585365854
Stephen Kinzer,3.84
Stephen Leeb,3.4
Stephen Leigh,3.77
Stephen M. Pollan,3.0866666666666664
Stephen M.R. Covey,3.99
Stephen Manes,3.9924999999999997
Stephen Mark Rainey,3.67
Stephen Miller,3.2
Stephen Minot,3.64
Stephen Mulhall,3.95
Stephen Nachmanovitch,4.14
Stephen Oppenheimer,3.98
Stephen P. Maran,3.84
Stephen R. Covey,4.1
Stephen R. Donaldson,4.033333333333334
Stephen R. Swinburne,4.06
Stephen Rebello,4.17
Stephen W. Frey,3.7725
Stephen Wright,3.58
Stephenie Meyer,3.59
Steve  Miller,4.06
Steve Allen,3.6
Steve Augarde,3.71
Steve Blamires,3.92
Steve Eddy,3.6
Steve Erickson,4.0
Steve Hamilton,3.96
Steve Kenson,3.81
Steve Krug,4.25
Steve Martin,3.546666666666667
Steve Martini,3.94
Steve McConnell,4.29
Steve McCurry,4.55
Steve Moore,4.15
Steve Perry,3.8412499999999996
Steve Turner,4.043333333333333
Steve Wozniak,3.87
Steven C. Hayes,4.05
Steven D. Levitt,3.97
Steven F. Hayward,3.32
Steven Heller,4.06
Steven Johnson,3.7866666666666666
Steven L. Layne,3.73
Steven Nadler,4.1
Steven Pinker,3.953333333333333
Steven Pressfield,4.008
Steven Watts,4.02
Steven Weisenburger,4.01
Stewart Brand,4.156666666666666
Stewart O'Nan,3.83
Stewart Shapiro,4.25
Stormie Omartian,4.4
Stuart Gilbert,4.17
Stuart J. Murphy,3.51
Stuart M. Kaminsky,3.63
Stuart M. Matlins,3.95
Stuart McLean,4.3999999999999995
Stuart Russell,4.17
Stuart Woods,3.865
Stéphane Heuet,3.915
Sudha Koul,3.93
Sue Birtwistle,4.45
Sue Miller,3.69
Sue Monk Kidd,3.8766666666666665
Sue William Silverman,4.11
Suetonius,4.05
Suketu Mehta,3.93
Suki Kim,3.56
Sun Tzu,3.9283333333333332
Surya  Das,4.19
Susan    Lewis,3.98
Susan    Oliver,3.44
Susan   Mallery,3.96
Susan  Griffith,3.57
Susan  Jeffers,4.03
Susan Au,3.74
Susan Carroll,3.87
Susan Conant,3.7416666666666667
Susan Cooper,4.0375000000000005
Susan Donovan,3.81
Susan Forward,4.09
Susan Hill,3.864
Susan Howatch,3.98
Susan Kandel,3.47
Susan Minot,3.52
Susan Nanus,4.13
Susan Oliver,3.67
Susan Ring,4.2275
Susan Van Kirk,4.24
Susanna Clarke,3.82
Susanna Kaysen,3.81
Susanna Tamaro,3.59
Suzanne C. O'Connell Smeltzer,4.0
Suzanne Enoch,3.93
Suzanne Farrell,4.09
Suzette Haden Elgin,3.99
Sven Regener,3.87
Sy Montgomery,4.18
Syd Hoff,3.705
Sydney Taylor,4.25
Sylvia Browne,4.015
Sylvia Cassedy,3.73
Sylvia Day,3.63
Sylvia Engdahl,4.056666666666667
Sylvia Nasar,4.13
Sylvia Plath,4.241666666666666
Sébastien Japrisot,3.91
Søren Kierkegaard,4.14
Sławomir Rawicz,4.21
T. Coraghessan Boyle,3.8074999999999997
T.A. Barron,4.0925
T.H. White,3.986666666666667
T.R. Reid,3.62
T.S. Eliot,4.0475
T.Z. Lavine,3.94
Tacitus,4.055
Tad Williams,3.969090909090909
Takashi Hashiguchi,3.9877777777777776
Takehiko Inoue,4.41
Tamara Thorne,3.72
Tamora Pierce,4.2225
Tananarive Due,4.09
Tania Zamorsky,4.16
Tanya Huff,3.46
Tanya Remer Altmann,3.51
Tara MacCarthy,3.9333333333333336
Tara McCarthy,4.33
Ted Bader,2.86
Ted Dekker,4.17
Ted Honderich,4.15
Ted Steinberg,3.72
Tedd Arnold,3.95
Teddy Slater,3.8866666666666667
Temple Grandin,4.105
Tennessee Williams,4.09
Teresa Edgerton,3.868
Teresa Medeiros,3.89
Terri Apter,3.63
Terri Blackstock,4.36
Terry  Taylor,4.07
Terry Breverton,3.7
Terry Brooks,3.972727272727273
Terry C. Johnston,4.16
Terry Cole-Whittaker,4.1
Terry Cooper,4.12
Terry Deary,4.2
Terry Eagleton,3.825714285714286
Terry Gilliam,3.8099999999999996
Terry Goodkind,4.006
Terry Jones,3.8674999999999997
Terry Lee Rioux,4.08
Terry Moore,4.38
Terry Pastor,4.13
Terry Pratchett,4.114516129032258
Terry Tempest Williams,4.02
Terryl Whitlatch,4.42
Tess Gerritsen,4.075714285714286
Tess Uriza Holthe,4.03
Thad Carhart,3.95
The Beatles,4.47
The Harvard Lampoon,3.13
The Paris Review,4.37
Theo LeSieg,4.140000000000001
Theocritus,3.0
Theodore Ayrault Dodge,4.13
Theodore L. Brown,3.88
Theodore Roszak,3.56
Theodore Sturgeon,4.42
Theodore Taylor,3.76
Theodosius Dobzhansky,4.14
Thich Nhat Hanh,4.33
Thom Hartmann,4.23
Thomas  Harris,4.0600000000000005
Thomas  Moore,3.99
Thomas Andrews,3.68
Thomas Aquinas,3.972
Thomas Bailey Saunders,3.85
Thomas Bernhard,3.88
Thomas Bulfinch,4.1
Thomas C. Foster,3.65
Thomas Cahill,3.796666666666667
Thomas E. Skidmore,3.59
Thomas E. Woods Jr.,4.03
Thomas Fahy,4.24
Thomas Hardy,3.8950000000000005
Thomas Harlan,3.685
Thomas Hobbes,3.7
Thomas J. Stanley,4.03
Thomas Jefferson,3.92
Thomas Kinkade,4.0
Thomas L. Friedman,3.68
Thomas Lewis,4.11
Thomas Mann,4.08
Thomas May,3.5
Thomas More,3.53
Thomas Pynchon,3.8475
Thomas Ryan,2.83
Thomas Sowell,4.31
Thomas Wolfe,4.056666666666667
Thomas X. Hammes,3.89
Thornton W. Burgess,4.236666666666666
Thucydides,4.054285714285714
Tim Bogenn,4.5
Tim Cahill,3.94
Tim Dowley,4.07
Tim Downs,4.199999999999999
Tim Flannery,4.06
Tim Freke,3.96
Tim LaHaye,3.994545454545454
Tim O'Brien,3.7542857142857144
Tim Underwood,4.17
Time-Life Books,3.7079999999999997
Timothy  Taylor,3.57
Timothy B. Tyson,4.15
Timothy D. Taylor,3.77
Timothy Ferris,4.13
Timothy Findley,3.935
Timothy S. Murphy,4.12
Timothy Truman,3.43
Timothy Zahn,3.99
Tish Boyle,4.215
Tite Kubo,4.326428571428571
Tobias Churton,4.1
Tobias Wolff,3.9975
Todd Davis,5.0
Todd Gitlin,3.6659999999999995
Tom Arnett,3.64
Tom Brokaw,4.01
Tom Clancy,3.8838461538461533
Tom D. Crouch,4.17
Tom DeFalco,4.37
Tom Hodgkinson,3.81
Tom Hunt,3.73
Tom Hunter,3.64
Tom Kelley,3.97
Tom McGregor,3.97
Tom Morris,3.76
Tom Perrotta,3.614
Tom Robbins,3.9472727272727273
Tom Standage,3.76
Tom Stanton,4.16
Tom Stoppard,3.94125
Tom Wicker,3.84
Tom Wolfe,3.85
Tomie dePaola,4.123333333333334
Tomo Matsumoto,3.79
Toni Bentley,3.92
Toni Morrison,3.9322222222222223
Tony DiTerlizzi,3.73
Tony Hawks,3.79
Tony Horwitz,4.035
Tony Judt,4.34
Tracy Chevalier,3.6571428571428575
Tracy Kidder,4.16
Travis Bradberry,3.52
Trevanian,3.978
Tristan Taormino,4.04
Troy Denning,3.7533333333333334
Truddi Chase,4.04
Trudi Canavan,4.03
Truman Capote,3.924545454545455
Tsugumi Ohba,4.367692307692307
Tsutomu Nihei,4.22
Tucker Max,3.51
Tyler Florence,4.023333333333333
Ul De Rico,4.42
Umberto Eco,3.904375
United Feature Syndication,0.0
Unknown,3.5833333333333335
Upasika Kee Nanayon,4.29
Upton Sinclair,3.74
Ursula Ferrigno,4.08
Ursula Hegi,3.84
Ursula K. Le Guin,4.038125
Ursula Nordstrom,4.4
Usamah ibn Munqidh,3.95
V. Vale,4.26
V.C. Andrews,3.82
V.S. Naipaul,3.44
V.S. Ramachandran,4.26
V.T. Rajshekar,4.2
Val McDermid,4.01
Valerian Albanov,4.01
Valerie Boyd,4.32
Valerie Parv,3.04
Vasant Moon,3.65
Vella Munn,3.71
Vera John-Steiner,3.83
Verlyn Flieger,4.21
Vicki Constantine Croke,3.95
Victor Davis Hanson,4.11
Victor Hugo,4.135
Victor Skrebneski,4.25
Victor Villaseñor,4.48
Victoria Alexander,3.8057142857142856
Victoria Finlay,3.78
Victoria Holt,3.8125
Vijay Prashad,4.01
Vikram Chandra,3.93
Viktor E. Frankl,4.36
Vince Flynn,4.29
Vincent Lardo,3.9
Vincent van Gogh,4.16
Virgil,3.9546153846153844
Virginia Lee Barnes,3.77
Virginia Lee Burton,4.075
Virginia Woolf,4.110454545454545
Vladimir Nabokov,4.054736842105264
Voltaire,3.835
W. Chan Kim,3.91
W. Frederick Zimmerman,3.995
W. Haden Blackman,3.9933333333333336
W. Jason Gilmore,3.72
W. John Campbell,2.8
W. Michael Kelley,4.11
W. Somerset Maugham,4.1499999999999995
W.E.B. Du Bois,4.32
W.E.B. Griffin,4.25
W.F. Deedes,3.16
W.G. Sebald,4.26
Wade Davis,3.91
Walker Percy,3.68
Wallace Stegner,4.093636363636364
Wally Lamb,4.029999999999999
Walt Disney Company,3.945
Walt Whitman,4.33
Walter Benjamin,4.295
Walter Dean Myers,3.84
Walter Farley,4.12
Walter Foster Creative Team,1.0
Walter Isaacson,4.04
Walter J. Savitch,3.84
Walter Kaufmann,4.08
Walter Kirn,3.15
Walter Rodney,4.27
Walter Scott,3.685
Wanda Sykes,3.71
Wang Wei,4.3
Waris Dirie,3.88
Warren Ellis,4.253333333333333
Warren G. Bennis,0.0
Warren Murphy,4.11
Warren W. Wiersbe,4.37
Watchman Nee,4.42
Wayne G. Hammond,4.316666666666666
Wayne W. Dyer,4.145
Weldon Thornton,4.04
Welles Hartley,3.79
Wendy  Mitchell,3.75
Wendy Cooling,4.08
Wendy Markham,3.68
Wendy Wasserstein,3.795
Wesley Martin,3.86
Western Sonoma County Historical Society,4.4
Wilbur Smith,4.1525
Wilfred Owen,4.34
Wilkie Collins,3.9291666666666667
Will Durant,4.12
Will Eisner,4.0840000000000005
Will Ferguson,3.8366666666666664
Will Kymlicka,4.0
Willa Cather,3.79
William    Jones,3.63
William   Anderson,4.22
William  James,4.242
William A. Cohen,4.08
William Allan,4.04
William Andrewes,4.5
William Arrow,3.165
William Beebe,3.84
William Blake,4.24
William C. Carter,4.33
William C. Davis,3.5
William C. Dowling,5.0
William Camann,3.45
William Cronon,4.16
William Easterly,3.83
William Empson,3.85
William F. Russell,4.12
William Faulkner,3.99125
William Gaddis,3.81
William Gibson,3.8885714285714283
William Golding,3.5780000000000003
William Goldman,3.8927272727272726
William H. Keith Jr.,3.89
William H. Press,4.16
William Hjortsberg,3.92
William Holdsworth,4.0
William Hubben,3.57
William Irwin,3.626666666666667
William J. Bennett,4.215
William Jefferies,3.545
William Kalush,3.87
William L. Shirer,4.245
William L. Simon,4.38
William M. Bass,4.19
William Makepeace Thackeray,3.7900000000000005
William Manchester,4.2225
William Martin,3.91
William McDonough,4.11
William Morris,3.9333333333333336
William Murray,3.5
William Poundstone,3.91
William Rodney Allen,3.9349999999999996
William S. Burroughs,3.7063636363636365
William S. Pollack,3.83
William Saroyan,4.18
William Shakespeare,3.9306818181818177
William Sleator,3.703076923076923
William Stacy Johnson,4.21
William Strunk Jr.,4.19
William Styron,3.9
William T. Quick,3.27
William T. Rasmussen,3.39
William T. Vetterling,3.5
William T. Vollmann,3.905
William W. Johnstone,3.85
William Westney,4.24
Willie Dixon,4.02
Wilma Davidson,3.45
Wilson Rawls,4.2
Winston S. Churchill,4.42
Wisława Szymborska,4.3740000000000006
Witold Gombrowicz,3.9875
Wole Soyinka,3.85
Wolfgang Amadeus Mozart,3.94
Woody Hochswender,4.28
Xavier de C.,4.67
Xenophon,4.0
Yann Martel,3.6825
Yasuhiro Kano,3.83
Yasunari Kawabata,3.762857142857143
Yayoi Ogawa,4.3100000000000005
Yefim Gordon,3.0
Yehuda Koren,3.92
Yochai Benkler,3.97
Yohanan Aharoni,4.32
Yona Zeldis McDonough,4.18
Yosef A.A. Ben-Jochannan,4.535
Yoshitaka Amano,4.3149999999999995
Youka Nitta,4.343333333333334
Yu Aida,3.87
Yuki Shimizu,4.205
Yukito Kishiro,4.093333333333333
Yumi Hotta,4.221875
Yunus A. Cengel,4.15
Yvon Chouinard,4.22
Yvonne Tasker,4.27
Yōko Kamio,4.116666666666667
Z.Z. Packer,3.84
Zadie Smith,3.518888888888889
Zak Smith,4.1
Zecharia Sitchin,4.08
Zilpha Keatley Snyder,3.9425
Zolar,3.68
Zora Neale Hurston,4.051428571428572
Zoë Heller,3.71
bell hooks,4.2299999999999995
Åsne Seierstad,3.763333333333333
Émile Zola,3.9711111111111115
Éric-Emmanuel Schmitt,3.82
